Date,Location,Accident_Type,Latitude,Longitude
8/19/2023 4:26,Giza,Car Crash,,
,Aswan,Car Crash,24.0889,32.8997
11/23/2023 14:36,Cairo,,30.0444,31.2357
4/1/2023 7:23,Luxor,,25.6872,32.6396
6/18/2023 17:06,Giza,Motorcycle Accident,30.0131,31.2089
1/1/2023 0:18,Sharm El Sheikh,Car Crash,27.9158,34.3299
5/4/2023 15:41,Luxor,Motorcycle Accident,,
11/17/2023 22:37,Sharm El Sheikh,Motorcycle Accident,,
6/13/2023 12:43,Sharm El Sheikh,Pedestrian Incident,27.9158,34.3299
10/25/2023 7:31,Aswan,,24.0889,32.8997
3/26/2023 5:35,Cairo,Motorcycle Accident,,
7/16/2023 11:08,Sharm El Sheikh,,27.9158,34.3299
10/7/2023 12:18,Alexandria,Motorcycle Accident,31.2156,29.9553
4/2/2023 9:45,Sharm El Sheikh,Pedestrian Incident,27.9158,34.3299
9/22/2023 14:24,Giza,,30.0131,31.2089
12/3/2023 22:00,Alexandria,Pedestrian Incident,31.2156,29.9553
11/29/2023 17:00,Alexandria,,31.2156,29.9553
5/17/2023 9:11,Giza,Unknown Accident Type,,
1/11/2023 15:50,Giza,Bus Accident,30.0131,31.2089
,Cairo,Motorcycle Accident,30.0444,31.2357
4/30/2023 18:16,Alexandria,,,
10/8/2023 14:27,Cairo,Pedestrian Incident,30.0444,31.2357
7/15/2023 20:17,Luxor,,25.6872,32.6396
10/14/2023 23:35,Aswan,Car Crash,24.0889,32.8997
10/31/2023 11:49,Alexandria,Bus Accident,31.2156,29.9553
1/25/2023 6:14,Luxor,Car Crash,25.6872,32.6396
4/14/2023 6:05,Sharm El Sheikh,Motorcycle Accident,27.9158,34.3299
2/9/2023 3:50,Cairo,Bus Accident,,
10/26/2023 19:26,Luxor,,25.6872,32.6396
10/28/2023 18:17,Giza,Bus Accident,30.0131,31.2089
11/5/2023 10:11,Sharm El Sheikh,Car Crash,,
4/27/2023 7:36,Alexandria,Bus Accident,31.2156,29.9553
3/27/2023 22:43,Cairo,Motorcycle Accident,30.0444,31.2357
9/21/2023 13:16,Sharm El Sheikh,,27.9158,34.3299
5/15/2023 2:48,Cairo,Car Crash,30.0444,31.2357
,Cairo,Pedestrian Incident,30.0444,31.2357
11/28/2023 21:31,Sharm El Sheikh,Cycling Incident,27.9158,34.3299
10/8/2023 13:31,Alexandria,Car Crash,31.2156,29.9553
7/12/2023 18:12,Sharm El Sheikh,Pedestrian Incident,27.9158,34.3299
5/17/2023 17:03,Alexandria,Pedestrian Incident,31.2156,29.9553
11/15/2023 0:16,Giza,,30.0131,31.2089
3/12/2023 15:32,Aswan,Bus Accident,24.0889,32.8997
,Cairo,,30.0444,31.2357
4/5/2023 23:20,Alexandria,Pedestrian Incident,31.2156,29.9553
1/19/2023 15:30,Luxor,Bus Accident,25.6872,32.6396
,Luxor,,,
12/12/2023 14:19,Giza,Pedestrian Incident,30.0131,31.2089
9/2/2023 0:36,Luxor,Car Crash,25.6872,32.6396
12/23/2023 11:49,Aswan,Motorcycle Accident,24.0889,32.8997
2/1/2023 3:13,Cairo,Motorcycle Accident,30.0444,31.2357
5/19/2023 4:49,Luxor,Cycling Incident,25.6872,32.6396
5/21/2023 13:22,Luxor,Car Crash,25.6872,32.6396
12/17/2023 22:26,Cairo,Motorcycle Accident,,
5/31/2023 21:57,Aswan,Car Crash,24.0889,32.8997
5/16/2023 13:39,Giza,Bus Accident,,
5/27/2023 0:39,Cairo,Pedestrian Incident,30.0444,31.2357
5/19/2023 4:41,Giza,Bus Accident,30.0131,31.2089
4/17/2023 16:54,Sharm El Sheikh,Cycling Incident,,
7/27/2023 8:24,Cairo,Cycling Incident,30.0444,31.2357
,Cairo,Motorcycle Accident,,
3/12/2023 2:12,Giza,Bus Accident,30.0131,31.2089
9/29/2023 8:54,Sharm El Sheikh,Car Crash,27.9158,34.3299
12/31/2023 5:21,Alexandria,Cycling Incident,31.2156,29.9553
5/11/2023 14:07,Alexandria,Bus Accident,31.2156,29.9553
1/27/2023 15:56,Cairo,Pedestrian Incident,30.0444,31.2357
7/7/2023 1:59,Alexandria,Bus Accident,31.2156,29.9553
,Alexandria,Car Crash,31.2156,29.9553
,Cairo,Car Crash,30.0444,31.2357
1/13/2023 20:16,Alexandria,Pedestrian Incident,31.2156,29.9553
4/12/2023 20:27,Alexandria,,,
2/4/2023 23:18,Sharm El Sheikh,,27.9158,34.3299
9/25/2023 5:52,Cairo,Motorcycle Accident,30.0444,31.2357
6/21/2023 2:51,Sharm El Sheikh,Car Crash,,
7/28/2023 7:12,Cairo,Bus Accident,,
1/18/2023 0:41,Cairo,Cycling Incident,,
7/10/2023 6:30,Luxor,Car Crash,25.6872,32.6396
4/3/2023 22:43,Cairo,Cycling Incident,30.0444,31.2357
5/10/2023 20:50,Aswan,,24.0889,32.8997
12/3/2023 6:10,Luxor,Bus Accident,,
7/10/2023 10:02,Cairo,Cycling Incident,,
,Giza,Car Crash,30.0131,31.2089
,Giza,Bus Accident,30.0131,31.2089
3/26/2023 15:41,Luxor,Pedestrian Incident,25.6872,32.6396
,Aswan,,24.0889,32.8997
5/7/2023 6:12,Luxor,Pedestrian Incident,,
2/11/2023 13:55,Cairo,,,
7/25/2023 19:13,Luxor,Pedestrian Incident,,
12/15/2023 11:37,Alexandria,Motorcycle Accident,31.2156,29.9553
5/11/2023 21:15,Alexandria,,,
12/13/2023 19:58,Aswan,Bus Accident,24.0889,32.8997
3/15/2023 11:11,Giza,,30.0131,31.2089
,Alexandria,Bus Accident,,
6/13/2023 21:20,Cairo,Cycling Incident,,
1/30/2023 16:29,Sharm El Sheikh,Motorcycle Accident,27.9158,34.3299
5/15/2023 8:17,Cairo,,30.0444,31.2357
,Sharm El Sheikh,Motorcycle Accident,27.9158,34.3299
2/15/2023 9:48,Luxor,Car Crash,25.6872,32.6396
10/14/2023 10:29,Sharm El Sheikh,Bus Accident,,
12/19/2023 9:08,Aswan,,24.0889,32.8997
10/10/2023 23:06,Luxor,Bus Accident,25.6872,32.6396
,Aswan,Pedestrian Incident,24.0889,32.8997
1/3/2023 6:49,Giza,Motorcycle Accident,30.0131,31.2089
,Luxor,Cycling Incident,25.6872,32.6396
3/29/2023 6:58,Aswan,Motorcycle Accident,24.0889,32.8997
2/24/2023 17:11,Cairo,Motorcycle Accident,,
11/26/2023 8:27,Alexandria,Motorcycle Accident,31.2156,29.9553
,Alexandria,Bus Accident,31.2156,29.9553
6/11/2023 6:57,Sharm El Sheikh,Car Crash,,
9/27/2023 19:46,Cairo,Bus Accident,,
8/22/2023 11:44,Sharm El Sheikh,,27.9158,34.3299
12/29/2023 4:11,Cairo,Motorcycle Accident,30.0444,31.2357
1/23/2023 10:31,Giza,,30.0131,31.2089
12/31/2023 0:41,Sharm El Sheikh,Bus Accident,27.9158,34.3299
,Giza,Pedestrian Incident,,
9/22/2023 1:10,Luxor,,25.6872,32.6396
5/4/2023 0:04,Cairo,Cycling Incident,30.0444,31.2357
1/21/2023 7:32,Cairo,,30.0444,31.2357
,Luxor,Cycling Incident,25.6872,32.6396
,Cairo,Bus Accident,30.0444,31.2357
1/5/2023 23:52,Giza,Bus Accident,30.0131,31.2089
11/5/2023 17:25,Cairo,Motorcycle Accident,,
8/18/2023 15:13,Giza,Bus Accident,30.0131,31.2089
8/8/2023 4:38,Cairo,Pedestrian Incident,30.0444,31.2357
12/17/2023 16:11,Sharm El Sheikh,,27.9158,34.3299
,Sharm El Sheikh,,27.9158,34.3299
,Cairo,,,
7/13/2023 17:16,Cairo,Bus Accident,30.0444,31.2357
2/6/2023 23:51,Cairo,Pedestrian Incident,30.0444,31.2357
4/6/2023 10:44,Cairo,Pedestrian Incident,,
9/21/2023 19:52,Luxor,Bus Accident,25.6872,32.6396
,Alexandria,,31.2156,29.9553
7/30/2023 21:33,Aswan,,24.0889,32.8997
9/10/2023 19:46,Aswan,Car Crash,,
12/14/2023 19:58,Aswan,Cycling Incident,,
,Alexandria,Motorcycle Accident,31.2156,29.9553
7/27/2023 15:43,Cairo,Pedestrian Incident,30.0444,31.2357
7/26/2023 3:33,Alexandria,Motorcycle Accident,31.2156,29.9553
6/6/2023 17:09,Aswan,Pedestrian Incident,24.0889,32.8997
,Giza,Pedestrian Incident,30.0131,31.2089
,Giza,,30.0131,31.2089
3/31/2023 5:07,Sharm El Sheikh,Pedestrian Incident,27.9158,34.3299
10/14/2023 3:05,Cairo,Unknown Accident Type,30.0444,31.2357
,Cairo,,30.0444,31.2357
4/23/2023 15:25,Giza,,30.0131,31.2089
,Luxor,Motorcycle Accident,25.6872,32.6396
3/22/2023 1:39,Sharm El Sheikh,Cycling Incident,,
4/13/2023 13:00,Alexandria,Car Crash,,
8/13/2023 1:32,Aswan,Pedestrian Incident,,
5/30/2023 20:42,Giza,Pedestrian Incident,30.0131,31.2089
7/15/2023 18:14,Aswan,,,
7/7/2023 14:30,Sharm El Sheikh,Pedestrian Incident,27.9158,34.3299
8/1/2023 1:24,Cairo,Pedestrian Incident,30.0444,31.2357
7/2/2023 14:27,Luxor,Cycling Incident,25.6872,32.6396
5/12/2023 5:15,Sharm El Sheikh,Motorcycle Accident,,
,Cairo,Car Crash,,
6/10/2023 1:00,Sharm El Sheikh,Bus Accident,27.9158,34.3299
4/12/2023 20:08,Cairo,,30.0444,31.2357
7/13/2023 8:59,Sharm El Sheikh,,27.9158,34.3299
9/28/2023 2:23,Luxor,Motorcycle Accident,25.6872,32.6396
5/12/2023 17:10,Aswan,Car Crash,24.0889,32.8997
3/21/2023 16:48,Giza,Car Crash,,
7/15/2023 16:45,Giza,Bus Accident,,
,Sharm El Sheikh,Cycling Incident,,
7/31/2023 7:40,Aswan,Unknown Accident Type,24.0889,32.8997
7/13/2023 0:33,Alexandria,Cycling Incident,31.2156,29.9553
,Aswan,Car Crash,,
12/13/2023 16:01,Cairo,,,
9/1/2023 19:06,Sharm El Sheikh,Pedestrian Incident,27.9158,34.3299
,Alexandria,Motorcycle Accident,31.2156,29.9553
7/24/2023 2:44,Sharm El Sheikh,,27.9158,34.3299
12/17/2023 12:53,Alexandria,Pedestrian Incident,31.2156,29.9553
2/6/2023 14:41,Aswan,Car Crash,24.0889,32.8997
1/3/2023 8:03,Luxor,Motorcycle Accident,25.6872,32.6396
7/20/2023 19:23,Alexandria,Motorcycle Accident,31.2156,29.9553
5/26/2023 8:39,Luxor,Bus Accident,25.6872,32.6396
,Sharm El Sheikh,Pedestrian Incident,27.9158,34.3299
10/24/2023 8:12,Aswan,Motorcycle Accident,24.0889,32.8997
1/27/2023 14:27,Aswan,Pedestrian Incident,24.0889,32.8997
5/29/2023 23:41,Giza,Car Crash,,
5/17/2023 23:41,Alexandria,Bus Accident,31.2156,29.9553
9/30/2023 0:03,Luxor,Cycling Incident,25.6872,32.6396
8/30/2023 18:14,Aswan,Unknown Accident Type,24.0889,32.8997
9/11/2023 16:53,Alexandria,Bus Accident,31.2156,29.9553
5/21/2023 8:25,Luxor,Unknown Accident Type,25.6872,32.6396
1/4/2023 8:16,Sharm El Sheikh,Pedestrian Incident,27.9158,34.3299
4/3/2023 11:44,Aswan,,24.0889,32.8997
8/31/2023 10:20,Alexandria,Cycling Incident,31.2156,29.9553
12/30/2023 22:24,Aswan,Pedestrian Incident,24.0889,32.8997
1/1/2024 13:34,Alexandria,Cycling Incident,31.2156,29.9553
8/12/2023 9:42,Luxor,Motorcycle Accident,25.6872,32.6396
12/6/2023 4:51,Aswan,Cycling Incident,24.0889,32.8997
11/27/2023 18:22,Aswan,Motorcycle Accident,24.0889,32.8997
11/16/2023 5:14,Giza,,,
10/21/2023 6:26,Aswan,Bus Accident,,
6/8/2023 16:58,Sharm El Sheikh,Cycling Incident,27.9158,34.3299
7/29/2023 2:35,Alexandria,Bus Accident,31.2156,29.9553
6/13/2023 21:50,Sharm El Sheikh,,,
10/24/2023 3:41,Cairo,Car Crash,30.0444,31.2357
5/1/2023 1:48,Luxor,Car Crash,25.6872,32.6396
9/13/2023 11:39,Giza,Motorcycle Accident,30.0131,31.2089
6/16/2023 0:11,Giza,Bus Accident,30.0131,31.2089
2/10/2023 21:15,Alexandria,Pedestrian Incident,31.2156,29.9553
5/28/2023 17:28,Giza,Motorcycle Accident,30.0131,31.2089
10/24/2023 12:11,Sharm El Sheikh,Pedestrian Incident,27.9158,34.3299
8/19/2023 9:56,Alexandria,Motorcycle Accident,31.2156,29.9553
5/10/2023 16:12,Giza,Bus Accident,30.0131,31.2089
3/3/2023 19:53,Aswan,Bus Accident,24.0889,32.8997
10/26/2023 5:19,Giza,Motorcycle Accident,,
,Giza,Pedestrian Incident,30.0131,31.2089
,Sharm El Sheikh,Motorcycle Accident,27.9158,34.3299
12/1/2023 13:08,Luxor,Cycling Incident,25.6872,32.6396
,Cairo,,30.0444,31.2357
,Cairo,,30.0444,31.2357
5/28/2023 3:21,Alexandria,Car Crash,31.2156,29.9553
11/11/2023 6:59,Luxor,Unknown Accident Type,25.6872,32.6396
7/11/2023 10:25,Cairo,Cycling Incident,30.0444,31.2357
9/14/2023 3:00,Sharm El Sheikh,Motorcycle Accident,27.9158,34.3299
7/14/2023 8:01,Alexandria,Motorcycle Accident,31.2156,29.9553
3/2/2023 7:39,Aswan,Pedestrian Incident,24.0889,32.8997
3/5/2023 15:50,Sharm El Sheikh,Cycling Incident,27.9158,34.3299
4/30/2023 4:33,Sharm El Sheikh,Cycling Incident,27.9158,34.3299
9/29/2023 19:26,Alexandria,Car Crash,31.2156,29.9553
,Giza,Pedestrian Incident,30.0131,31.2089
5/4/2023 8:26,Alexandria,Car Crash,,
4/13/2023 20:13,Luxor,Car Crash,25.6872,32.6396
2/5/2023 20:44,Cairo,Pedestrian Incident,30.0444,31.2357
,Sharm El Sheikh,Bus Accident,27.9158,34.3299
12/19/2023 1:03,Alexandria,Pedestrian Incident,,
9/2/2023 13:53,Luxor,Cycling Incident,25.6872,32.6396
2/7/2023 23:08,Sharm El Sheikh,Car Crash,27.9158,34.3299
2/7/2023 18:31,Cairo,Cycling Incident,30.0444,31.2357
2/12/2023 10:20,Sharm El Sheikh,Unknown Accident Type,27.9158,34.3299
2/26/2023 19:16,Aswan,Pedestrian Incident,24.0889,32.8997
9/23/2023 19:23,Cairo,Unknown Accident Type,30.0444,31.2357
5/1/2023 19:54,Giza,Bus Accident,30.0131,31.2089
1/26/2023 3:34,Giza,Motorcycle Accident,30.0131,31.2089
,Giza,Cycling Incident,30.0131,31.2089
1/25/2023 11:06,Aswan,Pedestrian Incident,,
9/15/2023 6:56,Cairo,Bus Accident,,
11/12/2023 12:18,Giza,Car Crash,30.0131,31.2089
9/12/2023 4:21,Luxor,,,
,Giza,Bus Accident,30.0131,31.2089
3/13/2023 6:07,Giza,,30.0131,31.2089
12/12/2023 20:22,Aswan,Motorcycle Accident,24.0889,32.8997
,Luxor,Pedestrian Incident,25.6872,32.6396
2/27/2023 22:36,Sharm El Sheikh,Motorcycle Accident,27.9158,34.3299
4/2/2023 0:23,Luxor,Car Crash,25.6872,32.6396
1/27/2023 14:18,Giza,Car Crash,30.0131,31.2089
4/23/2023 22:01,Aswan,Car Crash,24.0889,32.8997
10/27/2023 11:44,Sharm El Sheikh,,27.9158,34.3299
8/14/2023 6:51,Aswan,Cycling Incident,24.0889,32.8997
,Alexandria,Car Crash,31.2156,29.9553
,Cairo,Car Crash,30.0444,31.2357
10/14/2023 7:19,Aswan,Motorcycle Accident,,
,Giza,Cycling Incident,30.0131,31.2089
,Giza,Motorcycle Accident,30.0131,31.2089
,Luxor,Pedestrian Incident,25.6872,32.6396
7/29/2023 13:59,Aswan,Cycling Incident,24.0889,32.8997
11/16/2023 14:55,Luxor,Bus Accident,25.6872,32.6396
8/5/2023 18:13,Giza,Bus Accident,30.0131,31.2089
5/8/2023 2:26,Luxor,Car Crash,25.6872,32.6396
4/15/2023 14:03,Sharm El Sheikh,,27.9158,34.3299
4/7/2023 10:40,Aswan,Bus Accident,24.0889,32.8997
12/6/2023 8:36,Cairo,Motorcycle Accident,30.0444,31.2357
7/20/2023 6:28,Giza,Motorcycle Accident,,
3/16/2023 12:13,Aswan,Pedestrian Incident,24.0889,32.8997
6/22/2023 1:52,Sharm El Sheikh,Motorcycle Accident,,
9/12/2023 7:47,Alexandria,,31.2156,29.9553
11/17/2023 4:26,Aswan,,24.0889,32.8997
6/4/2023 15:43,Cairo,Cycling Incident,30.0444,31.2357
9/23/2023 2:28,Alexandria,Motorcycle Accident,31.2156,29.9553
7/21/2023 12:47,Luxor,,25.6872,32.6396
5/22/2023 19:54,Alexandria,Car Crash,,
,Sharm El Sheikh,Pedestrian Incident,,
7/13/2023 1:39,Luxor,Car Crash,25.6872,32.6396
12/18/2023 0:35,Cairo,Cycling Incident,30.0444,31.2357
3/15/2023 7:15,Sharm El Sheikh,Pedestrian Incident,27.9158,34.3299
12/5/2023 5:43,Giza,Bus Accident,30.0131,31.2089
7/27/2023 7:49,Sharm El Sheikh,,27.9158,34.3299
,Giza,,30.0131,31.2089
7/15/2023 8:21,Sharm El Sheikh,Motorcycle Accident,27.9158,34.3299
2/4/2023 0:34,Cairo,Pedestrian Incident,30.0444,31.2357
2/23/2023 22:01,Alexandria,Cycling Incident,,
,Luxor,Motorcycle Accident,25.6872,32.6396
1/1/2023 17:08,Giza,,,
3/26/2023 12:24,Sharm El Sheikh,,,
10/30/2023 4:33,Sharm El Sheikh,Pedestrian Incident,27.9158,34.3299
4/7/2023 12:00,Giza,,30.0131,31.2089
,Cairo,Car Crash,30.0444,31.2357
6/15/2023 11:33,Giza,Pedestrian Incident,30.0131,31.2089
,Luxor,Pedestrian Incident,25.6872,32.6396
2/17/2023 16:21,Luxor,,25.6872,32.6396
11/1/2023 12:37,Giza,Pedestrian Incident,,
8/7/2023 12:03,Alexandria,Motorcycle Accident,31.2156,29.9553
9/9/2023 19:52,Cairo,,30.0444,31.2357
6/26/2023 23:58,Giza,Unknown Accident Type,30.0131,31.2089
9/1/2023 15:33,Aswan,Bus Accident,,
12/11/2023 1:11,Aswan,,24.0889,32.8997
6/24/2023 2:37,Sharm El Sheikh,Bus Accident,27.9158,34.3299
5/18/2023 20:19,Alexandria,Unknown Accident Type,,
8/28/2023 3:30,Cairo,,30.0444,31.2357
10/16/2023 16:09,Luxor,,25.6872,32.6396
1/19/2023 13:34,Giza,,30.0131,31.2089
10/30/2023 6:21,Giza,Bus Accident,30.0131,31.2089
7/8/2023 10:21,Luxor,Bus Accident,25.6872,32.6396
7/11/2023 1:08,Sharm El Sheikh,Pedestrian Incident,27.9158,34.3299
1/3/2023 21:08,Luxor,Motorcycle Accident,,
8/3/2023 10:25,Sharm El Sheikh,Car Crash,27.9158,34.3299
8/19/2023 20:50,Aswan,Cycling Incident,24.0889,32.8997
9/8/2023 14:32,Sharm El Sheikh,Motorcycle Accident,27.9158,34.3299
,Cairo,Bus Accident,30.0444,31.2357
2/17/2023 12:14,Cairo,Bus Accident,30.0444,31.2357
5/29/2023 19:03,Giza,Motorcycle Accident,30.0131,31.2089
9/6/2023 12:00,Aswan,,24.0889,32.8997
4/9/2023 1:54,Giza,Bus Accident,,
10/29/2023 10:18,Sharm El Sheikh,Motorcycle Accident,27.9158,34.3299
5/12/2023 11:30,Aswan,,24.0889,32.8997
1/28/2023 5:59,Cairo,Car Crash,30.0444,31.2357
10/15/2023 5:39,Cairo,Car Crash,30.0444,31.2357
10/11/2023 19:43,Aswan,Motorcycle Accident,24.0889,32.8997
12/15/2023 22:16,Luxor,,25.6872,32.6396
,Sharm El Sheikh,,27.9158,34.3299
2/4/2023 6:08,Giza,Bus Accident,,
10/18/2023 2:13,Giza,Motorcycle Accident,30.0131,31.2089
,Luxor,Pedestrian Incident,25.6872,32.6396
4/13/2023 16:52,Giza,,30.0131,31.2089
12/5/2023 15:03,Aswan,Car Crash,24.0889,32.8997
3/13/2023 20:35,Luxor,Motorcycle Accident,,
1/30/2023 7:26,Giza,,30.0131,31.2089
9/24/2023 11:05,Aswan,Car Crash,,
,Alexandria,Bus Accident,31.2156,29.9553
3/27/2023 17:28,Sharm El Sheikh,Pedestrian Incident,27.9158,34.3299
9/1/2023 3:17,Alexandria,Car Crash,31.2156,29.9553
,Sharm El Sheikh,Car Crash,27.9158,34.3299
6/16/2023 0:39,Giza,Bus Accident,30.0131,31.2089
,Sharm El Sheikh,Unknown Accident Type,27.9158,34.3299
6/11/2023 7:44,Sharm El Sheikh,Cycling Incident,27.9158,34.3299
10/17/2023 7:06,Aswan,Car Crash,24.0889,32.8997
3/1/2023 23:37,Cairo,,30.0444,31.2357
10/18/2023 15:01,Aswan,Motorcycle Accident,,
,Luxor,,25.6872,32.6396
3/29/2023 3:47,Sharm El Sheikh,Cycling Incident,,
11/15/2023 10:55,Giza,,30.0131,31.2089
,Giza,,30.0131,31.2089
,Cairo,Cycling Incident,,
7/27/2023 10:48,Aswan,Pedestrian Incident,24.0889,32.8997
7/5/2023 23:06,Alexandria,,31.2156,29.9553
10/27/2023 0:10,Sharm El Sheikh,Pedestrian Incident,27.9158,34.3299
3/8/2023 19:08,Aswan,Motorcycle Accident,24.0889,32.8997
6/2/2023 18:12,Luxor,Car Crash,25.6872,32.6396
,Cairo,Cycling Incident,30.0444,31.2357
11/17/2023 7:49,Sharm El Sheikh,Pedestrian Incident,,
8/12/2023 12:58,Sharm El Sheikh,,27.9158,34.3299
5/13/2023 20:24,Sharm El Sheikh,Motorcycle Accident,27.9158,34.3299
8/24/2023 0:48,Cairo,Car Crash,,
5/5/2023 6:24,Alexandria,Bus Accident,31.2156,29.9553
3/3/2023 10:55,Sharm El Sheikh,Motorcycle Accident,27.9158,34.3299
,Cairo,Bus Accident,30.0444,31.2357
7/10/2023 3:01,Alexandria,Bus Accident,31.2156,29.9553
,Cairo,,30.0444,31.2357
10/15/2023 8:30,Cairo,,30.0444,31.2357
1/8/2023 1:18,Luxor,Cycling Incident,25.6872,32.6396
6/17/2023 12:49,Sharm El Sheikh,,27.9158,34.3299
11/6/2023 12:39,Alexandria,Motorcycle Accident,31.2156,29.9553
2/11/2023 3:07,Giza,Motorcycle Accident,,
2/6/2023 23:47,Alexandria,Car Crash,31.2156,29.9553
,Alexandria,Motorcycle Accident,,
4/10/2023 11:33,Alexandria,Cycling Incident,31.2156,29.9553
10/16/2023 1:40,Sharm El Sheikh,Unknown Accident Type,27.9158,34.3299
4/4/2023 9:20,Aswan,Car Crash,24.0889,32.8997
3/10/2023 14:10,Aswan,Pedestrian Incident,,
6/13/2023 9:48,Alexandria,,,
,Alexandria,Motorcycle Accident,31.2156,29.9553
10/10/2023 5:30,Alexandria,Cycling Incident,31.2156,29.9553
3/5/2023 21:27,Sharm El Sheikh,Cycling Incident,27.9158,34.3299
4/8/2023 21:06,Sharm El Sheikh,Motorcycle Accident,27.9158,34.3299
8/22/2023 13:57,Alexandria,Cycling Incident,31.2156,29.9553
1/1/2023 20:02,Cairo,Pedestrian Incident,30.0444,31.2357
9/10/2023 5:11,Aswan,Cycling Incident,24.0889,32.8997
5/6/2023 11:48,Aswan,,24.0889,32.8997
,Cairo,Bus Accident,30.0444,31.2357
10/9/2023 5:39,Aswan,Car Crash,24.0889,32.8997
11/5/2023 7:24,Cairo,Motorcycle Accident,30.0444,31.2357
,Sharm El Sheikh,,27.9158,34.3299
9/11/2023 19:09,Alexandria,Car Crash,,
4/6/2023 4:26,Giza,Car Crash,30.0131,31.2089
11/7/2023 9:32,Luxor,,25.6872,32.6396
3/26/2023 4:32,Aswan,,24.0889,32.8997
9/4/2023 3:20,Aswan,Pedestrian Incident,24.0889,32.8997
12/4/2023 10:58,Luxor,Bus Accident,,
4/6/2023 2:03,Aswan,Cycling Incident,,
4/5/2023 14:51,Alexandria,Cycling Incident,31.2156,29.9553
11/25/2023 8:51,Cairo,,30.0444,31.2357
10/1/2023 13:11,Luxor,,,
1/21/2023 20:53,Luxor,,25.6872,32.6396
3/4/2023 2:03,Giza,Pedestrian Incident,30.0131,31.2089
,Cairo,Car Crash,30.0444,31.2357
,Sharm El Sheikh,Cycling Incident,27.9158,34.3299
5/22/2023 9:04,Sharm El Sheikh,,27.9158,34.3299
7/19/2023 22:08,Sharm El Sheikh,Car Crash,27.9158,34.3299
1/7/2023 15:33,Sharm El Sheikh,,27.9158,34.3299
9/1/2023 5:17,Luxor,Cycling Incident,25.6872,32.6396
5/13/2023 21:38,Alexandria,,,
,Giza,Unknown Accident Type,30.0131,31.2089
5/5/2023 0:47,Aswan,Cycling Incident,24.0889,32.8997
5/12/2023 0:26,Aswan,Pedestrian Incident,24.0889,32.8997
1/15/2023 18:25,Luxor,Cycling Incident,,
2/14/2023 9:19,Alexandria,,31.2156,29.9553
12/30/2023 8:55,Luxor,Motorcycle Accident,25.6872,32.6396
12/4/2023 19:47,Sharm El Sheikh,Bus Accident,27.9158,34.3299
6/28/2023 16:57,Luxor,,25.6872,32.6396
2/26/2023 8:42,Sharm El Sheikh,Motorcycle Accident,27.9158,34.3299
2/13/2023 12:19,Sharm El Sheikh,Cycling Incident,,
8/25/2023 7:22,Cairo,Motorcycle Accident,30.0444,31.2357
1/30/2023 13:51,Cairo,Cycling Incident,,
,Giza,Pedestrian Incident,30.0131,31.2089
8/3/2023 22:21,Giza,Car Crash,30.0131,31.2089
11/23/2023 9:50,Cairo,,30.0444,31.2357
11/16/2023 12:50,Cairo,Pedestrian Incident,30.0444,31.2357
3/6/2023 14:35,Aswan,Pedestrian Incident,24.0889,32.8997
6/29/2023 22:27,Alexandria,Motorcycle Accident,31.2156,29.9553
3/29/2023 22:28,Giza,Bus Accident,30.0131,31.2089
4/28/2023 0:54,Giza,Car Crash,30.0131,31.2089
7/16/2023 15:25,Giza,Cycling Incident,30.0131,31.2089
5/24/2023 19:13,Sharm El Sheikh,Car Crash,27.9158,34.3299
8/17/2023 13:32,Luxor,Bus Accident,25.6872,32.6396
7/19/2023 19:35,Luxor,,25.6872,32.6396
10/17/2023 13:39,Luxor,Cycling Incident,25.6872,32.6396
2/17/2023 15:30,Sharm El Sheikh,Bus Accident,,
1/21/2023 3:21,Cairo,Bus Accident,30.0444,31.2357
4/16/2023 21:18,Aswan,Unknown Accident Type,24.0889,32.8997
11/6/2023 20:49,Sharm El Sheikh,Motorcycle Accident,27.9158,34.3299
11/9/2023 13:16,Sharm El Sheikh,Pedestrian Incident,,
6/6/2023 12:30,Alexandria,Car Crash,31.2156,29.9553
12/24/2023 0:07,Cairo,,30.0444,31.2357
,Alexandria,Car Crash,31.2156,29.9553
12/27/2023 13:28,Cairo,Bus Accident,,
1/2/2023 16:02,Cairo,Car Crash,30.0444,31.2357
2/22/2023 0:48,Luxor,Motorcycle Accident,25.6872,32.6396
8/6/2023 10:28,Alexandria,Car Crash,31.2156,29.9553
1/6/2023 20:28,Giza,Motorcycle Accident,30.0131,31.2089
,Cairo,Pedestrian Incident,,
1/30/2023 23:50,Cairo,,30.0444,31.2357
9/18/2023 18:42,Alexandria,Car Crash,31.2156,29.9553
6/24/2023 15:56,Sharm El Sheikh,Cycling Incident,27.9158,34.3299
2/4/2023 15:38,Luxor,,25.6872,32.6396
9/18/2023 9:50,Luxor,,25.6872,32.6396
6/4/2023 8:58,Cairo,,30.0444,31.2357
3/28/2023 18:03,Aswan,,24.0889,32.8997
5/5/2023 12:38,Cairo,Cycling Incident,30.0444,31.2357
5/12/2023 12:44,Sharm El Sheikh,Motorcycle Accident,27.9158,34.3299
3/16/2023 11:46,Sharm El Sheikh,Motorcycle Accident,27.9158,34.3299
,Cairo,Bus Accident,,
2/16/2023 4:09,Sharm El Sheikh,,,
,Aswan,Pedestrian Incident,24.0889,32.8997
11/19/2023 21:36,Giza,Unknown Accident Type,30.0131,31.2089
8/22/2023 1:36,Alexandria,,31.2156,29.9553
1/18/2023 17:57,Aswan,Cycling Incident,24.0889,32.8997
7/2/2023 8:02,Luxor,Unknown Accident Type,25.6872,32.6396
5/19/2023 1:33,Luxor,Motorcycle Accident,25.6872,32.6396
,Alexandria,Cycling Incident,31.2156,29.9553
4/29/2023 14:18,Aswan,Pedestrian Incident,,
10/10/2023 19:29,Aswan,Bus Accident,24.0889,32.8997
3/21/2023 23:04,Luxor,Car Crash,,
2/1/2023 17:37,Luxor,Motorcycle Accident,25.6872,32.6396
,Aswan,,24.0889,32.8997
8/17/2023 17:16,Alexandria,Car Crash,31.2156,29.9553
7/21/2023 6:57,Aswan,Cycling Incident,24.0889,32.8997
6/3/2023 21:02,Giza,Pedestrian Incident,30.0131,31.2089
10/8/2023 2:44,Sharm El Sheikh,Car Crash,,
,Giza,Cycling Incident,30.0131,31.2089
2/20/2023 2:07,Alexandria,Cycling Incident,,
7/19/2023 1:49,Giza,Car Crash,30.0131,31.2089
1/1/2024 12:50,Sharm El Sheikh,Cycling Incident,,
,Alexandria,Motorcycle Accident,31.2156,29.9553
9/6/2023 14:46,Luxor,Cycling Incident,25.6872,32.6396
3/15/2023 18:51,Sharm El Sheikh,Bus Accident,27.9158,34.3299
9/7/2023 23:09,Luxor,,,
5/15/2023 0:40,Cairo,Motorcycle Accident,30.0444,31.2357
,Cairo,Car Crash,30.0444,31.2357
5/8/2023 18:47,Sharm El Sheikh,Cycling Incident,27.9158,34.3299
12/31/2023 19:29,Aswan,Bus Accident,24.0889,32.8997
1/11/2023 15:15,Giza,,30.0131,31.2089
2/25/2023 16:43,Luxor,Motorcycle Accident,25.6872,32.6396
,Luxor,Motorcycle Accident,25.6872,32.6396
,Giza,Car Crash,30.0131,31.2089
,Sharm El Sheikh,Motorcycle Accident,27.9158,34.3299
3/15/2023 12:49,Luxor,,25.6872,32.6396
7/26/2023 18:12,Luxor,Car Crash,25.6872,32.6396
9/28/2023 21:00,Sharm El Sheikh,,27.9158,34.3299
3/5/2023 4:36,Alexandria,Car Crash,31.2156,29.9553
3/19/2023 15:36,Cairo,Motorcycle Accident,,
2/19/2023 3:00,Sharm El Sheikh,,27.9158,34.3299
,Cairo,Motorcycle Accident,,
2/26/2023 20:02,Aswan,Bus Accident,24.0889,32.8997
,Luxor,Pedestrian Incident,25.6872,32.6396
5/21/2023 3:03,Aswan,Bus Accident,24.0889,32.8997
3/30/2023 0:03,Alexandria,Bus Accident,31.2156,29.9553
12/6/2023 11:43,Luxor,,25.6872,32.6396
,Aswan,Pedestrian Incident,24.0889,32.8997
1/25/2023 10:37,Aswan,Pedestrian Incident,24.0889,32.8997
,Luxor,Bus Accident,25.6872,32.6396
10/10/2023 20:32,Luxor,Motorcycle Accident,,
10/6/2023 5:37,Giza,Car Crash,30.0131,31.2089
7/28/2023 17:03,Sharm El Sheikh,Car Crash,27.9158,34.3299
10/2/2023 13:29,Sharm El Sheikh,,27.9158,34.3299
8/21/2023 10:25,Cairo,Cycling Incident,30.0444,31.2357
8/10/2023 11:27,Aswan,Car Crash,,
9/4/2023 7:13,Alexandria,,31.2156,29.9553
,Giza,,30.0131,31.2089
5/28/2023 17:01,Luxor,Pedestrian Incident,25.6872,32.6396
5/31/2023 16:39,Cairo,Motorcycle Accident,,
12/1/2023 21:52,Cairo,Car Crash,30.0444,31.2357
8/30/2023 14:01,Luxor,Bus Accident,25.6872,32.6396
7/13/2023 4:13,Aswan,Motorcycle Accident,24.0889,32.8997
11/7/2023 6:13,Sharm El Sheikh,Pedestrian Incident,27.9158,34.3299
7/25/2023 0:50,Sharm El Sheikh,Bus Accident,27.9158,34.3299
,Cairo,Unknown Accident Type,30.0444,31.2357
10/29/2023 22:38,Aswan,Cycling Incident,24.0889,32.8997
10/15/2023 3:07,Luxor,Motorcycle Accident,25.6872,32.6396
12/31/2023 4:03,Alexandria,,31.2156,29.9553
,Sharm El Sheikh,,27.9158,34.3299
1/25/2023 19:11,Aswan,,24.0889,32.8997
7/31/2023 21:13,Aswan,Pedestrian Incident,24.0889,32.8997
10/5/2023 12:16,Aswan,Car Crash,24.0889,32.8997
10/28/2023 18:17,Luxor,Bus Accident,25.6872,32.6396
,Luxor,,,
,Cairo,Car Crash,30.0444,31.2357
3/16/2023 6:55,Luxor,Pedestrian Incident,25.6872,32.6396
1/22/2023 5:27,Sharm El Sheikh,Cycling Incident,27.9158,34.3299
1/11/2023 13:02,Giza,Motorcycle Accident,30.0131,31.2089
3/26/2023 4:56,Luxor,,25.6872,32.6396
1/2/2023 2:58,Sharm El Sheikh,,27.9158,34.3299
8/4/2023 19:42,Cairo,Pedestrian Incident,30.0444,31.2357
,Sharm El Sheikh,Bus Accident,27.9158,34.3299
11/27/2023 23:52,Aswan,Motorcycle Accident,,
2/12/2023 2:40,Cairo,Car Crash,,
2/11/2023 11:02,Alexandria,Motorcycle Accident,31.2156,29.9553
10/26/2023 4:36,Sharm El Sheikh,Pedestrian Incident,27.9158,34.3299
12/20/2023 13:16,Cairo,Cycling Incident,30.0444,31.2357
12/2/2023 20:33,Luxor,Motorcycle Accident,,
7/9/2023 13:41,Alexandria,Motorcycle Accident,31.2156,29.9553
,Sharm El Sheikh,Motorcycle Accident,27.9158,34.3299
,Luxor,Car Crash,25.6872,32.6396
11/6/2023 12:14,Giza,Pedestrian Incident,30.0131,31.2089
1/16/2023 14:17,Luxor,Pedestrian Incident,,
9/16/2023 18:16,Giza,Car Crash,30.0131,31.2089
2/17/2023 8:57,Alexandria,Bus Accident,31.2156,29.9553
2/26/2023 13:41,Alexandria,,31.2156,29.9553
3/19/2023 8:00,Giza,Cycling Incident,30.0131,31.2089
2/7/2023 19:27,Alexandria,Pedestrian Incident,31.2156,29.9553
,Alexandria,,31.2156,29.9553
11/26/2023 3:38,Cairo,Pedestrian Incident,30.0444,31.2357
,Aswan,Motorcycle Accident,24.0889,32.8997
11/10/2023 17:22,Alexandria,Car Crash,31.2156,29.9553
,Alexandria,Bus Accident,31.2156,29.9553
8/6/2023 18:34,Cairo,Cycling Incident,30.0444,31.2357
10/16/2023 0:00,Aswan,Motorcycle Accident,24.0889,32.8997
,Aswan,Pedestrian Incident,,
,Cairo,Car Crash,30.0444,31.2357
12/24/2023 5:48,Sharm El Sheikh,Pedestrian Incident,27.9158,34.3299
,Giza,,,
,Sharm El Sheikh,Car Crash,27.9158,34.3299
7/2/2023 3:35,Alexandria,Motorcycle Accident,,
11/29/2023 23:37,Sharm El Sheikh,Car Crash,27.9158,34.3299
2/28/2023 10:06,Luxor,Car Crash,25.6872,32.6396
5/22/2023 20:31,Sharm El Sheikh,Bus Accident,,
11/28/2023 1:46,Sharm El Sheikh,Motorcycle Accident,,
10/11/2023 1:15,Luxor,,25.6872,32.6396
10/16/2023 6:05,Giza,Bus Accident,,
9/9/2023 15:33,Alexandria,Car Crash,31.2156,29.9553
10/29/2023 17:06,Aswan,Pedestrian Incident,24.0889,32.8997
10/12/2023 0:10,Alexandria,Cycling Incident,31.2156,29.9553
1/21/2023 21:44,Giza,Bus Accident,30.0131,31.2089
,Aswan,,24.0889,32.8997
,Aswan,,24.0889,32.8997
8/3/2023 8:07,Luxor,Pedestrian Incident,25.6872,32.6396
8/7/2023 9:07,Cairo,Motorcycle Accident,30.0444,31.2357
9/7/2023 17:28,Sharm El Sheikh,Bus Accident,27.9158,34.3299
,Giza,Pedestrian Incident,30.0131,31.2089
6/23/2023 5:50,Alexandria,Car Crash,31.2156,29.9553
,Aswan,Unknown Accident Type,24.0889,32.8997
9/28/2023 16:18,Giza,Pedestrian Incident,30.0131,31.2089
4/14/2023 22:49,Giza,Car Crash,30.0131,31.2089
8/16/2023 10:32,Sharm El Sheikh,Motorcycle Accident,27.9158,34.3299
12/13/2023 10:06,Alexandria,,31.2156,29.9553
,Alexandria,Motorcycle Accident,31.2156,29.9553
,Sharm El Sheikh,Bus Accident,27.9158,34.3299
2/27/2023 20:27,Giza,Motorcycle Accident,,
5/3/2023 0:55,Luxor,Car Crash,25.6872,32.6396
11/25/2023 10:40,Aswan,Car Crash,24.0889,32.8997
7/6/2023 20:49,Aswan,Bus Accident,24.0889,32.8997
10/14/2023 7:30,Cairo,,30.0444,31.2357
5/15/2023 12:22,Alexandria,Unknown Accident Type,31.2156,29.9553
10/7/2023 20:29,Luxor,,,
7/25/2023 1:11,Giza,Car Crash,30.0131,31.2089
11/23/2023 13:35,Alexandria,Car Crash,31.2156,29.9553
12/27/2023 0:49,Aswan,Cycling Incident,,
3/21/2023 14:20,Cairo,Bus Accident,30.0444,31.2357
10/15/2023 22:44,Cairo,Pedestrian Incident,,
1/9/2023 1:27,Cairo,,30.0444,31.2357
4/24/2023 3:43,Alexandria,Car Crash,31.2156,29.9553
5/25/2023 11:44,Giza,Car Crash,,
1/12/2023 12:55,Giza,Pedestrian Incident,30.0131,31.2089
,Sharm El Sheikh,,27.9158,34.3299
10/5/2023 17:37,Luxor,Pedestrian Incident,25.6872,32.6396
10/6/2023 5:54,Giza,,30.0131,31.2089
3/5/2023 5:29,Cairo,Unknown Accident Type,30.0444,31.2357
6/12/2023 0:08,Alexandria,Pedestrian Incident,31.2156,29.9553
2/25/2023 9:53,Luxor,Pedestrian Incident,25.6872,32.6396
3/15/2023 22:34,Cairo,Pedestrian Incident,,
12/5/2023 5:03,Luxor,Pedestrian Incident,25.6872,32.6396
11/17/2023 22:52,Aswan,Cycling Incident,24.0889,32.8997
,Sharm El Sheikh,Motorcycle Accident,27.9158,34.3299
7/19/2023 19:47,Aswan,Cycling Incident,24.0889,32.8997
12/10/2023 21:12,Cairo,Car Crash,30.0444,31.2357
,Luxor,Bus Accident,25.6872,32.6396
1/11/2023 17:10,Cairo,Bus Accident,30.0444,31.2357
,Aswan,Cycling Incident,24.0889,32.8997
,Aswan,Bus Accident,24.0889,32.8997
7/19/2023 0:30,Aswan,Pedestrian Incident,24.0889,32.8997
6/18/2023 11:33,Aswan,Car Crash,24.0889,32.8997
9/23/2023 2:02,Luxor,Motorcycle Accident,25.6872,32.6396
5/18/2023 21:06,Cairo,Motorcycle Accident,30.0444,31.2357
2/19/2023 11:40,Aswan,Bus Accident,,
6/28/2023 2:25,Cairo,Car Crash,30.0444,31.2357
3/18/2023 19:51,Giza,,30.0131,31.2089
2/17/2023 21:34,Alexandria,Pedestrian Incident,31.2156,29.9553
2/10/2023 20:51,Sharm El Sheikh,Cycling Incident,27.9158,34.3299
,Alexandria,Unknown Accident Type,31.2156,29.9553
,Alexandria,Motorcycle Accident,31.2156,29.9553
,Aswan,Bus Accident,24.0889,32.8997
3/3/2023 4:22,Cairo,Car Crash,30.0444,31.2357
,Aswan,Car Crash,,
9/23/2023 10:26,Sharm El Sheikh,Cycling Incident,,
6/12/2023 8:54,Sharm El Sheikh,Pedestrian Incident,27.9158,34.3299
10/12/2023 22:14,Aswan,Pedestrian Incident,,
3/17/2023 0:15,Luxor,Motorcycle Accident,25.6872,32.6396
4/17/2023 11:34,Giza,,30.0131,31.2089
,Luxor,Unknown Accident Type,25.6872,32.6396
3/20/2023 14:36,Alexandria,,31.2156,29.9553
6/23/2023 20:08,Sharm El Sheikh,Cycling Incident,27.9158,34.3299
4/26/2023 16:55,Luxor,Bus Accident,25.6872,32.6396
,Alexandria,Car Crash,31.2156,29.9553
,Giza,Cycling Incident,,
2/24/2023 23:08,Cairo,Cycling Incident,30.0444,31.2357
7/10/2023 1:46,Aswan,Cycling Incident,24.0889,32.8997
,Luxor,Cycling Incident,25.6872,32.6396
8/6/2023 2:11,Luxor,Cycling Incident,25.6872,32.6396
6/28/2023 1:23,Sharm El Sheikh,Cycling Incident,27.9158,34.3299
7/8/2023 3:13,Giza,Pedestrian Incident,30.0131,31.2089
1/3/2023 23:46,Sharm El Sheikh,,27.9158,34.3299
7/1/2023 7:55,Giza,,30.0131,31.2089
11/4/2023 9:12,Sharm El Sheikh,Pedestrian Incident,27.9158,34.3299
,Aswan,,,
1/16/2023 8:53,Alexandria,Motorcycle Accident,31.2156,29.9553
3/6/2023 15:15,Sharm El Sheikh,Car Crash,27.9158,34.3299
,Sharm El Sheikh,Car Crash,27.9158,34.3299
2/18/2023 9:46,Giza,,,
8/14/2023 9:10,Cairo,Motorcycle Accident,,
10/30/2023 17:32,Alexandria,,31.2156,29.9553
4/30/2023 22:53,Sharm El Sheikh,,27.9158,34.3299
2/28/2023 1:03,Giza,Motorcycle Accident,30.0131,31.2089
,Alexandria,Bus Accident,31.2156,29.9553
,Alexandria,Car Crash,,
11/22/2023 18:43,Alexandria,Cycling Incident,31.2156,29.9553
,Sharm El Sheikh,Bus Accident,27.9158,34.3299
,Luxor,Motorcycle Accident,25.6872,32.6396
,Aswan,Bus Accident,24.0889,32.8997
12/1/2023 6:46,Giza,Cycling Incident,30.0131,31.2089
3/25/2023 14:33,Luxor,Bus Accident,25.6872,32.6396
,Cairo,Cycling Incident,,
9/5/2023 9:37,Cairo,Bus Accident,30.0444,31.2357
12/30/2023 18:33,Giza,Motorcycle Accident,30.0131,31.2089
12/10/2023 9:52,Sharm El Sheikh,Car Crash,27.9158,34.3299
11/19/2023 21:43,Giza,,30.0131,31.2089
,Cairo,,30.0444,31.2357
,Luxor,Cycling Incident,25.6872,32.6396
11/28/2023 22:13,Giza,Car Crash,30.0131,31.2089
9/16/2023 15:34,Cairo,Motorcycle Accident,30.0444,31.2357
,Aswan,Car Crash,24.0889,32.8997
8/13/2023 12:51,Aswan,Motorcycle Accident,24.0889,32.8997
,Alexandria,Car Crash,31.2156,29.9553
8/10/2023 0:37,Luxor,Motorcycle Accident,25.6872,32.6396
11/30/2023 1:33,Luxor,Car Crash,,
8/4/2023 18:32,Alexandria,,,
7/5/2023 22:24,Aswan,Bus Accident,24.0889,32.8997
8/4/2023 18:25,Cairo,Pedestrian Incident,30.0444,31.2357
1/21/2023 6:05,Aswan,Car Crash,24.0889,32.8997
,Sharm El Sheikh,Cycling Incident,27.9158,34.3299
5/2/2023 20:49,Giza,Car Crash,30.0131,31.2089
4/11/2023 0:20,Alexandria,,,
4/5/2023 6:05,Sharm El Sheikh,,27.9158,34.3299
7/1/2023 2:13,Aswan,Car Crash,,
10/16/2023 14:40,Cairo,,30.0444,31.2357
4/6/2023 3:23,Luxor,Motorcycle Accident,25.6872,32.6396
,Aswan,Car Crash,24.0889,32.8997
7/19/2023 21:58,Sharm El Sheikh,Motorcycle Accident,,
,Aswan,Pedestrian Incident,,
5/19/2023 21:17,Alexandria,Motorcycle Accident,31.2156,29.9553
3/1/2023 19:12,Sharm El Sheikh,,27.9158,34.3299
5/11/2023 14:10,Aswan,Motorcycle Accident,24.0889,32.8997
9/5/2023 3:01,Sharm El Sheikh,Car Crash,,
,Sharm El Sheikh,Car Crash,27.9158,34.3299
9/14/2023 23:52,Giza,Cycling Incident,30.0131,31.2089
12/29/2023 8:12,Sharm El Sheikh,Car Crash,,
9/5/2023 4:08,Luxor,Bus Accident,25.6872,32.6396
2/27/2023 13:23,Giza,Motorcycle Accident,30.0131,31.2089
7/2/2023 13:32,Aswan,Car Crash,,
6/28/2023 3:47,Cairo,Motorcycle Accident,30.0444,31.2357
,Luxor,Bus Accident,25.6872,32.6396
11/23/2023 20:34,Sharm El Sheikh,Car Crash,27.9158,34.3299
8/19/2023 2:18,Alexandria,Motorcycle Accident,31.2156,29.9553
11/3/2023 0:28,Alexandria,Bus Accident,31.2156,29.9553
5/14/2023 21:44,Aswan,,,
4/7/2023 20:24,Sharm El Sheikh,Bus Accident,27.9158,34.3299
2/17/2023 3:11,Luxor,Pedestrian Incident,25.6872,32.6396
,Luxor,,25.6872,32.6396
11/9/2023 5:24,Sharm El Sheikh,Pedestrian Incident,,
5/24/2023 14:22,Cairo,Bus Accident,30.0444,31.2357
6/1/2023 15:44,Aswan,Unknown Accident Type,24.0889,32.8997
3/20/2023 0:39,Aswan,Car Crash,24.0889,32.8997
2/6/2023 9:42,Giza,Cycling Incident,30.0131,31.2089
10/12/2023 15:46,Aswan,Motorcycle Accident,24.0889,32.8997
,Alexandria,Cycling Incident,31.2156,29.9553
,Luxor,Bus Accident,,
7/31/2023 19:19,Cairo,Motorcycle Accident,30.0444,31.2357
7/24/2023 8:46,Giza,Motorcycle Accident,,
11/7/2023 10:51,Aswan,Car Crash,24.0889,32.8997
9/17/2023 0:01,Alexandria,Pedestrian Incident,31.2156,29.9553
6/13/2023 15:54,Sharm El Sheikh,Car Crash,27.9158,34.3299
4/30/2023 0:45,Aswan,,24.0889,32.8997
1/2/2023 8:28,Cairo,Pedestrian Incident,30.0444,31.2357
3/7/2023 13:19,Alexandria,Pedestrian Incident,31.2156,29.9553
1/1/2023 22:38,Aswan,Pedestrian Incident,24.0889,32.8997
5/10/2023 0:12,Giza,,,
5/2/2023 7:56,Luxor,Car Crash,25.6872,32.6396
5/9/2023 15:44,Alexandria,Car Crash,,
4/15/2023 16:27,Sharm El Sheikh,,27.9158,34.3299
8/12/2023 15:24,Aswan,Cycling Incident,24.0889,32.8997
12/29/2023 10:30,Luxor,Motorcycle Accident,25.6872,32.6396
1/25/2023 0:33,Alexandria,,31.2156,29.9553
,Sharm El Sheikh,Motorcycle Accident,27.9158,34.3299
7/16/2023 23:37,Cairo,Motorcycle Accident,30.0444,31.2357
12/25/2023 15:18,Sharm El Sheikh,Car Crash,27.9158,34.3299
11/28/2023 4:34,Luxor,Car Crash,,
,Luxor,Bus Accident,25.6872,32.6396
11/10/2023 0:17,Luxor,,25.6872,32.6396
3/24/2023 4:23,Giza,Motorcycle Accident,30.0131,31.2089
6/3/2023 19:20,Sharm El Sheikh,Pedestrian Incident,27.9158,34.3299
9/17/2023 23:55,Luxor,Car Crash,,
1/26/2023 15:27,Cairo,Pedestrian Incident,30.0444,31.2357
5/11/2023 14:42,Alexandria,,31.2156,29.9553
9/7/2023 22:01,Giza,Car Crash,,
1/28/2023 23:32,Luxor,Motorcycle Accident,,
10/20/2023 7:13,Aswan,Car Crash,24.0889,32.8997
11/4/2023 3:33,Cairo,Bus Accident,30.0444,31.2357
6/22/2023 1:05,Aswan,Cycling Incident,24.0889,32.8997
6/12/2023 10:19,Giza,Unknown Accident Type,30.0131,31.2089
,Luxor,Motorcycle Accident,25.6872,32.6396
10/10/2023 5:31,Aswan,Pedestrian Incident,24.0889,32.8997
9/25/2023 20:48,Luxor,Cycling Incident,25.6872,32.6396
3/17/2023 19:14,Giza,Cycling Incident,30.0131,31.2089
11/23/2023 14:52,Cairo,Bus Accident,30.0444,31.2357
1/11/2023 11:00,Giza,Pedestrian Incident,30.0131,31.2089
8/1/2023 22:09,Cairo,,,
,Cairo,Pedestrian Incident,30.0444,31.2357
9/16/2023 7:40,Cairo,Cycling Incident,30.0444,31.2357
11/2/2023 11:13,Luxor,Car Crash,25.6872,32.6396
3/23/2023 11:06,Alexandria,,,
1/6/2023 13:18,Alexandria,Pedestrian Incident,,
10/2/2023 0:40,Alexandria,,31.2156,29.9553
5/30/2023 13:20,Giza,Motorcycle Accident,30.0131,31.2089
7/18/2023 11:40,Giza,Car Crash,30.0131,31.2089
11/5/2023 1:48,Sharm El Sheikh,Cycling Incident,27.9158,34.3299
,Sharm El Sheikh,Bus Accident,,
,Aswan,,,
10/14/2023 17:23,Luxor,Cycling Incident,,
5/14/2023 8:09,Giza,Unknown Accident Type,30.0131,31.2089
3/28/2023 14:22,Aswan,Motorcycle Accident,24.0889,32.8997
,Cairo,,,
7/29/2023 14:05,Sharm El Sheikh,Cycling Incident,,
4/1/2023 19:08,Alexandria,Motorcycle Accident,,
7/15/2023 17:43,Cairo,Car Crash,,
12/9/2023 13:25,Giza,Bus Accident,30.0131,31.2089
11/4/2023 2:14,Cairo,,30.0444,31.2357
12/16/2023 2:09,Cairo,Bus Accident,30.0444,31.2357
4/4/2023 1:32,Giza,Cycling Incident,30.0131,31.2089
4/13/2023 22:44,Alexandria,Pedestrian Incident,31.2156,29.9553
4/6/2023 7:01,Aswan,Cycling Incident,24.0889,32.8997
3/22/2023 8:46,Aswan,Cycling Incident,24.0889,32.8997
,Giza,Bus Accident,30.0131,31.2089
8/16/2023 6:39,Aswan,Cycling Incident,24.0889,32.8997
6/12/2023 8:18,Aswan,Bus Accident,24.0889,32.8997
4/8/2023 19:10,Aswan,Bus Accident,24.0889,32.8997
12/14/2023 16:57,Luxor,Bus Accident,25.6872,32.6396
8/4/2023 12:19,Luxor,Car Crash,25.6872,32.6396
6/2/2023 13:49,Alexandria,Car Crash,31.2156,29.9553
8/3/2023 15:55,Giza,Motorcycle Accident,30.0131,31.2089
,Luxor,Car Crash,,
2/25/2023 3:28,Sharm El Sheikh,Cycling Incident,27.9158,34.3299
2/22/2023 14:48,Aswan,Motorcycle Accident,,
10/5/2023 10:11,Sharm El Sheikh,Cycling Incident,27.9158,34.3299
8/14/2023 8:18,Giza,Car Crash,30.0131,31.2089
2/26/2023 9:49,Giza,Motorcycle Accident,30.0131,31.2089
,Cairo,Bus Accident,,
,Sharm El Sheikh,Car Crash,27.9158,34.3299
3/31/2023 21:15,Luxor,,25.6872,32.6396
12/28/2023 14:27,Cairo,,30.0444,31.2357
9/10/2023 5:19,Giza,Bus Accident,30.0131,31.2089
11/11/2023 4:55,Cairo,,30.0444,31.2357
6/24/2023 11:50,Aswan,Bus Accident,24.0889,32.8997
,Cairo,Motorcycle Accident,,
10/7/2023 21:39,Luxor,Motorcycle Accident,25.6872,32.6396
2/1/2023 12:24,Luxor,Bus Accident,,
7/16/2023 17:06,Luxor,Bus Accident,25.6872,32.6396
12/3/2023 17:00,Aswan,Bus Accident,,
1/16/2023 21:43,Alexandria,,31.2156,29.9553
12/12/2023 20:22,Alexandria,,31.2156,29.9553
4/15/2023 15:35,Luxor,Car Crash,25.6872,32.6396
4/13/2023 23:56,Alexandria,,31.2156,29.9553
1/8/2023 23:51,Alexandria,Cycling Incident,,
7/27/2023 17:57,Cairo,,30.0444,31.2357
9/17/2023 7:00,Aswan,Cycling Incident,,
10/11/2023 21:44,Sharm El Sheikh,Cycling Incident,,
,Luxor,,25.6872,32.6396
,Sharm El Sheikh,Car Crash,27.9158,34.3299
6/25/2023 21:03,Sharm El Sheikh,Motorcycle Accident,27.9158,34.3299
9/2/2023 21:35,Luxor,,25.6872,32.6396
4/11/2023 4:50,Aswan,Car Crash,24.0889,32.8997
2/13/2023 4:02,Cairo,Bus Accident,30.0444,31.2357
6/14/2023 16:56,Alexandria,Cycling Incident,31.2156,29.9553
8/4/2023 1:41,Luxor,Bus Accident,25.6872,32.6396
2/4/2023 19:08,Luxor,,25.6872,32.6396
,Aswan,Motorcycle Accident,24.0889,32.8997
1/3/2023 0:44,Luxor,Motorcycle Accident,25.6872,32.6396
10/26/2023 18:47,Sharm El Sheikh,Bus Accident,27.9158,34.3299
9/16/2023 19:58,Alexandria,Pedestrian Incident,31.2156,29.9553
6/16/2023 14:12,Cairo,Pedestrian Incident,30.0444,31.2357
8/27/2023 20:48,Alexandria,,31.2156,29.9553
3/25/2023 1:53,Cairo,Car Crash,30.0444,31.2357
,Alexandria,Car Crash,,
7/23/2023 12:31,Cairo,Motorcycle Accident,30.0444,31.2357
4/13/2023 15:15,Aswan,Cycling Incident,24.0889,32.8997
8/4/2023 3:31,Giza,Motorcycle Accident,,
10/27/2023 7:56,Cairo,Pedestrian Incident,,
6/13/2023 20:01,Cairo,Bus Accident,,
,Aswan,Pedestrian Incident,24.0889,32.8997
6/9/2023 12:13,Alexandria,Motorcycle Accident,31.2156,29.9553
,Giza,Motorcycle Accident,,
6/11/2023 11:38,Aswan,,24.0889,32.8997
,Luxor,Cycling Incident,,
10/4/2023 6:49,Sharm El Sheikh,,27.9158,34.3299
,Sharm El Sheikh,Pedestrian Incident,27.9158,34.3299
2/6/2023 18:25,Aswan,,,
2/3/2023 16:27,Aswan,Pedestrian Incident,24.0889,32.8997
,Aswan,Car Crash,24.0889,32.8997
10/26/2023 0:11,Giza,,30.0131,31.2089
2/2/2023 6:45,Alexandria,Motorcycle Accident,,
,Cairo,Motorcycle Accident,30.0444,31.2357
8/7/2023 1:29,Aswan,,24.0889,32.8997
2/8/2023 2:42,Aswan,Pedestrian Incident,24.0889,32.8997
4/29/2023 17:16,Alexandria,,31.2156,29.9553
9/8/2023 18:47,Giza,Pedestrian Incident,30.0131,31.2089
5/29/2023 12:27,Aswan,Bus Accident,24.0889,32.8997
,Giza,Bus Accident,30.0131,31.2089
,Luxor,Motorcycle Accident,,
7/31/2023 6:23,Giza,,30.0131,31.2089
9/16/2023 5:35,Aswan,Motorcycle Accident,24.0889,32.8997
3/26/2023 10:11,Cairo,Pedestrian Incident,30.0444,31.2357
5/27/2023 13:24,Alexandria,Motorcycle Accident,31.2156,29.9553
6/11/2023 16:58,Alexandria,Bus Accident,31.2156,29.9553
8/21/2023 22:07,Luxor,,25.6872,32.6396
3/21/2023 16:59,Luxor,Motorcycle Accident,25.6872,32.6396
11/28/2023 6:44,Giza,Bus Accident,30.0131,31.2089
7/30/2023 8:26,Luxor,Car Crash,25.6872,32.6396
9/25/2023 0:43,Luxor,Pedestrian Incident,25.6872,32.6396
1/18/2023 22:11,Luxor,Bus Accident,25.6872,32.6396
,Sharm El Sheikh,Cycling Incident,27.9158,34.3299
12/12/2023 14:45,Luxor,,25.6872,32.6396
1/31/2023 22:53,Sharm El Sheikh,Car Crash,27.9158,34.3299
1/23/2023 10:25,Alexandria,Bus Accident,31.2156,29.9553
,Aswan,Unknown Accident Type,24.0889,32.8997
5/13/2023 9:10,Alexandria,Pedestrian Incident,31.2156,29.9553
10/7/2023 14:20,Alexandria,,31.2156,29.9553
3/28/2023 6:55,Sharm El Sheikh,Cycling Incident,27.9158,34.3299
7/29/2023 4:23,Cairo,,,
2/28/2023 14:32,Sharm El Sheikh,Car Crash,27.9158,34.3299
12/5/2023 17:46,Giza,Bus Accident,30.0131,31.2089
2/20/2023 17:26,Luxor,,,
9/4/2023 16:25,Alexandria,,,
,Aswan,Bus Accident,24.0889,32.8997
11/3/2023 5:07,Luxor,Motorcycle Accident,25.6872,32.6396
10/26/2023 17:45,Luxor,Bus Accident,,
,Sharm El Sheikh,,27.9158,34.3299
8/27/2023 19:46,Aswan,Car Crash,24.0889,32.8997
10/26/2023 22:24,Alexandria,Car Crash,,
10/17/2023 22:18,Aswan,Motorcycle Accident,24.0889,32.8997
2/15/2023 18:10,Sharm El Sheikh,Pedestrian Incident,27.9158,34.3299
7/18/2023 22:04,Sharm El Sheikh,Pedestrian Incident,27.9158,34.3299
11/8/2023 18:30,Sharm El Sheikh,Motorcycle Accident,27.9158,34.3299
8/5/2023 10:55,Giza,Motorcycle Accident,30.0131,31.2089
1/6/2023 0:32,Aswan,Bus Accident,,
2/9/2023 22:56,Luxor,Bus Accident,25.6872,32.6396
1/8/2023 19:20,Cairo,Cycling Incident,,
12/3/2023 11:35,Cairo,Pedestrian Incident,30.0444,31.2357
,Aswan,Cycling Incident,,
12/3/2023 8:00,Alexandria,Cycling Incident,31.2156,29.9553
,Sharm El Sheikh,Bus Accident,27.9158,34.3299
11/7/2023 20:30,Giza,Motorcycle Accident,30.0131,31.2089
7/19/2023 14:00,Aswan,Bus Accident,,
,Giza,Pedestrian Incident,30.0131,31.2089
,Cairo,Pedestrian Incident,,
,Giza,Motorcycle Accident,30.0131,31.2089
6/6/2023 3:00,Aswan,Cycling Incident,24.0889,32.8997
9/23/2023 20:19,Alexandria,Cycling Incident,31.2156,29.9553
9/17/2023 5:02,Alexandria,,31.2156,29.9553
11/9/2023 13:00,Giza,Motorcycle Accident,30.0131,31.2089
11/21/2023 1:43,Cairo,Car Crash,30.0444,31.2357
9/9/2023 16:57,Aswan,Pedestrian Incident,24.0889,32.8997
2/2/2023 7:26,Alexandria,Car Crash,31.2156,29.9553
9/19/2023 3:53,Sharm El Sheikh,Motorcycle Accident,27.9158,34.3299
7/11/2023 20:56,Aswan,,24.0889,32.8997
12/13/2023 11:36,Alexandria,Motorcycle Accident,31.2156,29.9553
12/23/2023 12:06,Aswan,Car Crash,24.0889,32.8997
2/10/2023 4:02,Cairo,Pedestrian Incident,30.0444,31.2357
4/12/2023 19:23,Giza,,30.0131,31.2089
12/11/2023 3:18,Alexandria,Car Crash,,
12/23/2023 17:21,Alexandria,Cycling Incident,31.2156,29.9553
10/13/2023 9:56,Alexandria,,,
7/19/2023 8:44,Giza,Motorcycle Accident,,
3/12/2023 3:10,Cairo,Bus Accident,30.0444,31.2357
9/21/2023 21:52,Alexandria,Pedestrian Incident,31.2156,29.9553
3/19/2023 23:05,Cairo,Motorcycle Accident,30.0444,31.2357
5/16/2023 20:26,Aswan,Bus Accident,24.0889,32.8997
,Luxor,Bus Accident,25.6872,32.6396
6/23/2023 17:07,Giza,Cycling Incident,30.0131,31.2089
6/26/2023 1:06,Alexandria,Cycling Incident,31.2156,29.9553
6/3/2023 22:31,Luxor,Motorcycle Accident,25.6872,32.6396
2/10/2023 6:09,Luxor,Cycling Incident,25.6872,32.6396
,Luxor,Car Crash,25.6872,32.6396
,Aswan,Car Crash,24.0889,32.8997
,Cairo,,30.0444,31.2357
,Alexandria,Car Crash,31.2156,29.9553
12/16/2023 6:10,Luxor,Bus Accident,25.6872,32.6396
1/2/2023 3:45,Giza,Cycling Incident,30.0131,31.2089
,Aswan,Pedestrian Incident,24.0889,32.8997
9/9/2023 23:08,Giza,Pedestrian Incident,30.0131,31.2089
9/3/2023 16:47,Aswan,Motorcycle Accident,24.0889,32.8997
7/14/2023 13:27,Giza,,30.0131,31.2089
2/23/2023 23:35,Giza,Cycling Incident,30.0131,31.2089
3/22/2023 10:19,Luxor,Car Crash,,
4/21/2023 1:15,Cairo,Bus Accident,30.0444,31.2357
2/12/2023 20:15,Aswan,Car Crash,24.0889,32.8997
7/31/2023 13:40,Giza,,,
,Sharm El Sheikh,Cycling Incident,27.9158,34.3299
,Giza,Cycling Incident,30.0131,31.2089
12/28/2023 1:49,Giza,Car Crash,,
5/17/2023 6:43,Sharm El Sheikh,Pedestrian Incident,27.9158,34.3299
11/28/2023 14:57,Luxor,Motorcycle Accident,25.6872,32.6396
2/11/2023 17:05,Giza,Motorcycle Accident,30.0131,31.2089
1/1/2023 16:52,Giza,,30.0131,31.2089
11/23/2023 14:03,Aswan,Cycling Incident,24.0889,32.8997
,Giza,Bus Accident,30.0131,31.2089
10/18/2023 7:34,Sharm El Sheikh,Motorcycle Accident,27.9158,34.3299
10/17/2023 6:25,Giza,Pedestrian Incident,,
3/18/2023 16:15,Luxor,Pedestrian Incident,25.6872,32.6396
10/10/2023 23:58,Alexandria,Bus Accident,31.2156,29.9553
5/4/2023 8:24,Alexandria,Bus Accident,31.2156,29.9553
8/26/2023 12:19,Aswan,Cycling Incident,24.0889,32.8997
9/8/2023 1:36,Giza,Motorcycle Accident,,
2/5/2023 5:29,Sharm El Sheikh,Motorcycle Accident,27.9158,34.3299
,Luxor,Pedestrian Incident,25.6872,32.6396
2/14/2023 2:48,Sharm El Sheikh,Unknown Accident Type,27.9158,34.3299
9/30/2023 13:12,Sharm El Sheikh,Motorcycle Accident,27.9158,34.3299
,Alexandria,Cycling Incident,31.2156,29.9553
5/5/2023 22:04,Sharm El Sheikh,Bus Accident,27.9158,34.3299
8/16/2023 23:29,Alexandria,Bus Accident,31.2156,29.9553
7/16/2023 6:04,Cairo,,30.0444,31.2357
9/18/2023 4:39,Alexandria,,31.2156,29.9553
,Aswan,,,
7/10/2023 11:39,Luxor,,25.6872,32.6396
3/31/2023 18:26,Alexandria,Cycling Incident,,
,Aswan,Motorcycle Accident,24.0889,32.8997
,Sharm El Sheikh,Cycling Incident,27.9158,34.3299
11/16/2023 22:11,Sharm El Sheikh,Pedestrian Incident,27.9158,34.3299
11/21/2023 10:09,Alexandria,Car Crash,31.2156,29.9553
,Aswan,Cycling Incident,24.0889,32.8997
,Cairo,,30.0444,31.2357
,Giza,Motorcycle Accident,30.0131,31.2089
6/13/2023 14:58,Luxor,Car Crash,25.6872,32.6396
12/29/2023 10:49,Sharm El Sheikh,Pedestrian Incident,,
4/18/2023 1:26,Giza,Motorcycle Accident,30.0131,31.2089
,Cairo,Car Crash,30.0444,31.2357
5/20/2023 0:07,Aswan,Pedestrian Incident,24.0889,32.8997
12/17/2023 5:58,Cairo,Cycling Incident,30.0444,31.2357
8/9/2023 5:09,Sharm El Sheikh,,27.9158,34.3299
,Alexandria,Cycling Incident,31.2156,29.9553
,Sharm El Sheikh,Car Crash,,
4/5/2023 14:14,Luxor,Pedestrian Incident,25.6872,32.6396
11/16/2023 12:19,Aswan,,24.0889,32.8997
11/15/2023 1:28,Alexandria,,,
10/11/2023 17:16,Sharm El Sheikh,Bus Accident,27.9158,34.3299
,Cairo,Car Crash,30.0444,31.2357
9/14/2023 23:42,Giza,,30.0131,31.2089
12/20/2023 20:40,Cairo,Car Crash,,
5/9/2023 23:04,Giza,Car Crash,30.0131,31.2089
2/7/2023 7:37,Cairo,,30.0444,31.2357
4/22/2023 10:10,Sharm El Sheikh,Pedestrian Incident,27.9158,34.3299
,Cairo,Pedestrian Incident,30.0444,31.2357
3/24/2023 0:41,Aswan,Motorcycle Accident,,
8/18/2023 19:40,Giza,Cycling Incident,30.0131,31.2089
12/2/2023 23:17,Giza,Cycling Incident,30.0131,31.2089
1/20/2023 15:13,Alexandria,Motorcycle Accident,,
7/21/2023 7:13,Giza,Cycling Incident,30.0131,31.2089
8/26/2023 10:01,Sharm El Sheikh,Cycling Incident,27.9158,34.3299
9/1/2023 23:29,Alexandria,Car Crash,31.2156,29.9553
11/8/2023 7:58,Sharm El Sheikh,Car Crash,27.9158,34.3299
6/21/2023 20:26,Giza,Motorcycle Accident,30.0131,31.2089
4/12/2023 18:36,Aswan,Bus Accident,,
,Giza,,30.0131,31.2089
3/23/2023 15:38,Aswan,Motorcycle Accident,24.0889,32.8997
2/15/2023 23:59,Cairo,Bus Accident,30.0444,31.2357
10/25/2023 23:31,Cairo,Motorcycle Accident,30.0444,31.2357
12/3/2023 23:02,Giza,,30.0131,31.2089
7/18/2023 9:11,Giza,Motorcycle Accident,30.0131,31.2089
4/9/2023 8:36,Giza,Car Crash,30.0131,31.2089
10/27/2023 16:51,Aswan,Motorcycle Accident,24.0889,32.8997
6/15/2023 19:17,Cairo,Car Crash,,
,Luxor,,25.6872,32.6396
8/7/2023 23:21,Alexandria,,31.2156,29.9553
11/2/2023 21:19,Luxor,Cycling Incident,25.6872,32.6396
7/27/2023 6:42,Alexandria,,31.2156,29.9553
7/25/2023 4:11,Luxor,Motorcycle Accident,25.6872,32.6396
10/19/2023 11:27,Giza,Bus Accident,30.0131,31.2089
5/11/2023 1:34,Luxor,,25.6872,32.6396
5/24/2023 1:10,Luxor,Bus Accident,25.6872,32.6396
3/14/2023 10:05,Giza,Bus Accident,30.0131,31.2089
10/18/2023 2:14,Aswan,Car Crash,24.0889,32.8997
4/7/2023 15:56,Aswan,Bus Accident,24.0889,32.8997
11/1/2023 17:33,Cairo,Pedestrian Incident,30.0444,31.2357
6/13/2023 9:16,Giza,Pedestrian Incident,30.0131,31.2089
3/9/2023 15:41,Cairo,Motorcycle Accident,,
12/24/2023 2:25,Alexandria,Car Crash,31.2156,29.9553
,Sharm El Sheikh,Bus Accident,27.9158,34.3299
10/26/2023 17:52,Aswan,Motorcycle Accident,24.0889,32.8997
6/26/2023 17:16,Aswan,Bus Accident,,
7/25/2023 11:15,Aswan,Motorcycle Accident,24.0889,32.8997
,Aswan,Motorcycle Accident,24.0889,32.8997
,Giza,Car Crash,30.0131,31.2089
11/18/2023 7:47,Alexandria,Cycling Incident,,
8/30/2023 18:53,Luxor,Pedestrian Incident,25.6872,32.6396
12/16/2023 23:24,Sharm El Sheikh,Cycling Incident,,
5/26/2023 21:14,Aswan,Bus Accident,24.0889,32.8997
10/27/2023 17:07,Alexandria,,31.2156,29.9553
1/8/2023 19:54,Aswan,Cycling Incident,24.0889,32.8997
5/2/2023 18:25,Aswan,Car Crash,24.0889,32.8997
1/5/2023 0:08,Cairo,,30.0444,31.2357
1/18/2023 14:34,Alexandria,Car Crash,31.2156,29.9553
5/10/2023 1:22,Luxor,Cycling Incident,25.6872,32.6396
7/13/2023 22:57,Giza,Pedestrian Incident,,
1/8/2023 8:04,Luxor,Pedestrian Incident,25.6872,32.6396
5/30/2023 16:38,Alexandria,Cycling Incident,31.2156,29.9553
7/23/2023 0:56,Alexandria,Pedestrian Incident,,
11/17/2023 9:57,Aswan,Cycling Incident,,
3/1/2023 23:17,Alexandria,,31.2156,29.9553
2/8/2023 3:15,Sharm El Sheikh,Bus Accident,27.9158,34.3299
,Luxor,Pedestrian Incident,25.6872,32.6396
11/28/2023 12:52,Sharm El Sheikh,Bus Accident,27.9158,34.3299
12/22/2023 9:42,Aswan,,24.0889,32.8997
3/28/2023 14:05,Aswan,Pedestrian Incident,24.0889,32.8997
11/26/2023 0:34,Aswan,Motorcycle Accident,24.0889,32.8997
7/20/2023 4:35,Aswan,,24.0889,32.8997
,Alexandria,Motorcycle Accident,31.2156,29.9553
4/30/2023 5:21,Aswan,Bus Accident,,
4/13/2023 15:59,Giza,Motorcycle Accident,30.0131,31.2089
4/22/2023 20:31,Aswan,Cycling Incident,,
,Giza,Cycling Incident,30.0131,31.2089
1/29/2023 15:34,Giza,Bus Accident,30.0131,31.2089
2/12/2023 12:42,Alexandria,Cycling Incident,31.2156,29.9553
4/1/2023 13:12,Aswan,,,
,Giza,Motorcycle Accident,30.0131,31.2089
12/24/2023 1:19,Alexandria,Cycling Incident,31.2156,29.9553
3/19/2023 7:10,Sharm El Sheikh,Motorcycle Accident,27.9158,34.3299
12/25/2023 21:49,Luxor,,25.6872,32.6396
6/30/2023 5:55,Giza,,30.0131,31.2089
10/23/2023 4:39,Aswan,Bus Accident,24.0889,32.8997
2/18/2023 21:15,Sharm El Sheikh,Motorcycle Accident,27.9158,34.3299
9/16/2023 19:38,Alexandria,Car Crash,,
12/11/2023 14:58,Aswan,Car Crash,24.0889,32.8997
9/28/2023 19:09,Sharm El Sheikh,Motorcycle Accident,27.9158,34.3299
5/2/2023 2:31,Cairo,Pedestrian Incident,30.0444,31.2357
8/22/2023 21:15,Giza,,30.0131,31.2089
10/10/2023 1:02,Cairo,Bus Accident,30.0444,31.2357
9/19/2023 13:28,Sharm El Sheikh,Bus Accident,27.9158,34.3299
12/12/2023 19:38,Giza,Motorcycle Accident,,
,Alexandria,,31.2156,29.9553
4/10/2023 19:06,Giza,Car Crash,30.0131,31.2089
,Giza,Cycling Incident,,
4/15/2023 0:12,Aswan,Bus Accident,,
2/16/2023 6:05,Alexandria,Car Crash,31.2156,29.9553
,Cairo,Car Crash,30.0444,31.2357
2/7/2023 12:37,Alexandria,Car Crash,,
5/25/2023 14:57,Sharm El Sheikh,,27.9158,34.3299
,Cairo,Cycling Incident,30.0444,31.2357
4/1/2023 11:46,Luxor,Car Crash,25.6872,32.6396
,Giza,Pedestrian Incident,30.0131,31.2089
12/14/2023 19:36,Cairo,Pedestrian Incident,30.0444,31.2357
5/5/2023 7:13,Sharm El Sheikh,Pedestrian Incident,27.9158,34.3299
5/22/2023 11:27,Sharm El Sheikh,,27.9158,34.3299
,Cairo,Motorcycle Accident,30.0444,31.2357
8/23/2023 12:44,Luxor,Car Crash,25.6872,32.6396
,Aswan,Car Crash,24.0889,32.8997
6/21/2023 6:49,Aswan,Bus Accident,24.0889,32.8997
11/8/2023 19:22,Aswan,,,
2/15/2023 2:06,Aswan,,24.0889,32.8997
8/11/2023 6:44,Sharm El Sheikh,,27.9158,34.3299
3/7/2023 0:27,Cairo,Bus Accident,,
11/25/2023 15:30,Luxor,Pedestrian Incident,25.6872,32.6396
,Aswan,Pedestrian Incident,,
12/10/2023 5:37,Alexandria,Cycling Incident,31.2156,29.9553
,Alexandria,Pedestrian Incident,31.2156,29.9553
5/16/2023 5:47,Aswan,Pedestrian Incident,,
11/20/2023 0:16,Aswan,Unknown Accident Type,24.0889,32.8997
3/31/2023 9:47,Aswan,Car Crash,24.0889,32.8997
9/3/2023 6:22,Luxor,Cycling Incident,,
6/21/2023 6:50,Cairo,Bus Accident,30.0444,31.2357
,Cairo,,30.0444,31.2357
9/20/2023 7:47,Cairo,Unknown Accident Type,30.0444,31.2357
3/28/2023 6:43,Sharm El Sheikh,Motorcycle Accident,,
5/8/2023 10:43,Sharm El Sheikh,Cycling Incident,27.9158,34.3299
4/8/2023 23:10,Cairo,,30.0444,31.2357
,Cairo,,30.0444,31.2357
1/22/2023 1:20,Aswan,Motorcycle Accident,,
11/10/2023 16:08,Luxor,Car Crash,25.6872,32.6396
4/23/2023 22:11,Giza,Bus Accident,30.0131,31.2089
5/13/2023 3:12,Cairo,Bus Accident,,
,Luxor,Motorcycle Accident,25.6872,32.6396
11/21/2023 6:01,Giza,Bus Accident,30.0131,31.2089
8/9/2023 9:19,Aswan,,24.0889,32.8997
,Giza,Bus Accident,,
,Alexandria,Motorcycle Accident,31.2156,29.9553
,Sharm El Sheikh,Car Crash,27.9158,34.3299
1/26/2023 16:47,Alexandria,Cycling Incident,31.2156,29.9553
7/29/2023 13:07,Cairo,Pedestrian Incident,30.0444,31.2357
,Alexandria,Pedestrian Incident,31.2156,29.9553
7/29/2023 13:29,Cairo,Bus Accident,30.0444,31.2357
5/6/2023 20:26,Luxor,,,
7/31/2023 15:37,Alexandria,,,
,Aswan,Cycling Incident,,
1/4/2023 13:52,Giza,Car Crash,,
6/29/2023 0:11,Luxor,,25.6872,32.6396
11/29/2023 8:52,Alexandria,Bus Accident,31.2156,29.9553
10/12/2023 22:33,Aswan,,24.0889,32.8997
5/25/2023 13:21,Giza,,30.0131,31.2089
4/18/2023 23:22,Giza,Pedestrian Incident,30.0131,31.2089
4/23/2023 3:59,Luxor,Cycling Incident,25.6872,32.6396
12/30/2023 20:08,Sharm El Sheikh,Motorcycle Accident,,
3/19/2023 12:30,Cairo,Motorcycle Accident,30.0444,31.2357
,Aswan,Car Crash,24.0889,32.8997
,Alexandria,Cycling Incident,31.2156,29.9553
12/18/2023 21:42,Aswan,Bus Accident,,
6/7/2023 2:45,Cairo,Cycling Incident,30.0444,31.2357
6/22/2023 19:25,Cairo,Pedestrian Incident,30.0444,31.2357
10/20/2023 12:49,Giza,Cycling Incident,30.0131,31.2089
3/7/2023 3:36,Cairo,Cycling Incident,30.0444,31.2357
8/5/2023 3:51,Cairo,Motorcycle Accident,30.0444,31.2357
,Sharm El Sheikh,Cycling Incident,27.9158,34.3299
,Cairo,,30.0444,31.2357
9/3/2023 17:20,Cairo,Car Crash,30.0444,31.2357
3/30/2023 13:01,Sharm El Sheikh,Motorcycle Accident,27.9158,34.3299
12/10/2023 12:35,Giza,Car Crash,30.0131,31.2089
12/29/2023 11:51,Cairo,Pedestrian Incident,30.0444,31.2357
,Aswan,Bus Accident,24.0889,32.8997
9/4/2023 4:19,Alexandria,Pedestrian Incident,31.2156,29.9553
4/5/2023 2:20,Luxor,Car Crash,25.6872,32.6396
6/10/2023 23:39,Luxor,Motorcycle Accident,,
4/25/2023 14:04,Aswan,Bus Accident,24.0889,32.8997
,Cairo,Cycling Incident,30.0444,31.2357
9/22/2023 9:06,Luxor,,25.6872,32.6396
,Luxor,Pedestrian Incident,25.6872,32.6396
5/11/2023 11:54,Luxor,Car Crash,,
2/4/2023 21:31,Luxor,Bus Accident,25.6872,32.6396
11/15/2023 1:15,Aswan,Unknown Accident Type,,
,Luxor,Pedestrian Incident,25.6872,32.6396
11/7/2023 14:51,Alexandria,Motorcycle Accident,31.2156,29.9553
12/11/2023 8:28,Alexandria,Cycling Incident,31.2156,29.9553
10/18/2023 19:03,Luxor,Bus Accident,,
6/8/2023 15:33,Alexandria,Motorcycle Accident,31.2156,29.9553
9/9/2023 22:56,Aswan,,24.0889,32.8997
,Luxor,Cycling Incident,25.6872,32.6396
,Cairo,Bus Accident,30.0444,31.2357
2/19/2023 22:46,Luxor,Cycling Incident,25.6872,32.6396
6/26/2023 9:02,Cairo,Cycling Incident,,
9/18/2023 9:32,Sharm El Sheikh,Bus Accident,27.9158,34.3299
,Giza,Pedestrian Incident,30.0131,31.2089
11/30/2023 13:13,Cairo,Car Crash,30.0444,31.2357
2/25/2023 3:01,Cairo,Motorcycle Accident,30.0444,31.2357
10/27/2023 2:18,Luxor,Cycling Incident,25.6872,32.6396
6/14/2023 9:47,Giza,Cycling Incident,30.0131,31.2089
12/29/2023 6:54,Luxor,Cycling Incident,25.6872,32.6396
4/1/2023 6:41,Luxor,,25.6872,32.6396
2/20/2023 2:05,Cairo,Bus Accident,30.0444,31.2357
6/20/2023 21:40,Sharm El Sheikh,Bus Accident,27.9158,34.3299
8/18/2023 15:51,Alexandria,Pedestrian Incident,,
4/7/2023 19:07,Aswan,Cycling Incident,24.0889,32.8997
12/18/2023 17:07,Aswan,Car Crash,,
,Giza,,30.0131,31.2089
4/7/2023 0:11,Giza,,30.0131,31.2089
12/4/2023 5:41,Aswan,Cycling Incident,24.0889,32.8997
1/22/2023 18:56,Aswan,Pedestrian Incident,,
,Giza,Car Crash,,
2/13/2023 12:18,Alexandria,Bus Accident,31.2156,29.9553
5/16/2023 3:47,Giza,Bus Accident,,
2/15/2023 12:55,Luxor,Bus Accident,25.6872,32.6396
9/8/2023 8:07,Giza,Cycling Incident,30.0131,31.2089
2/8/2023 15:02,Aswan,Motorcycle Accident,24.0889,32.8997
,Aswan,Bus Accident,24.0889,32.8997
5/2/2023 5:38,Sharm El Sheikh,Cycling Incident,,
7/19/2023 8:52,Giza,Cycling Incident,,
,Alexandria,,31.2156,29.9553
9/18/2023 7:30,Aswan,Bus Accident,24.0889,32.8997
6/12/2023 2:08,Aswan,Pedestrian Incident,24.0889,32.8997
5/8/2023 2:39,Giza,Cycling Incident,30.0131,31.2089
10/7/2023 10:04,Aswan,,24.0889,32.8997
4/26/2023 0:31,Giza,Bus Accident,,
1/9/2023 14:17,Alexandria,Motorcycle Accident,31.2156,29.9553
7/12/2023 22:16,Giza,Car Crash,30.0131,31.2089
2/11/2023 19:19,Aswan,Motorcycle Accident,24.0889,32.8997
6/5/2023 6:54,Aswan,Bus Accident,24.0889,32.8997
4/10/2023 18:57,Alexandria,Car Crash,,
2/26/2023 6:34,Cairo,,30.0444,31.2357
10/28/2023 21:40,Cairo,Cycling Incident,,
9/25/2023 11:08,Giza,,30.0131,31.2089
2/17/2023 2:55,Luxor,Pedestrian Incident,25.6872,32.6396
5/5/2023 12:00,Cairo,Pedestrian Incident,30.0444,31.2357
12/21/2023 19:05,Giza,Motorcycle Accident,30.0131,31.2089
11/9/2023 23:15,Aswan,Motorcycle Accident,24.0889,32.8997
,Luxor,Unknown Accident Type,25.6872,32.6396
1/2/2023 6:50,Giza,Motorcycle Accident,30.0131,31.2089
10/21/2023 23:28,Luxor,Cycling Incident,25.6872,32.6396
6/13/2023 17:45,Luxor,Pedestrian Incident,25.6872,32.6396
5/28/2023 1:31,Alexandria,Pedestrian Incident,31.2156,29.9553
9/20/2023 21:24,Luxor,Unknown Accident Type,25.6872,32.6396
8/29/2023 18:15,Luxor,Motorcycle Accident,25.6872,32.6396
3/17/2023 19:59,Cairo,Pedestrian Incident,30.0444,31.2357
7/21/2023 7:30,Giza,,30.0131,31.2089
7/6/2023 4:46,Luxor,Motorcycle Accident,25.6872,32.6396
,Cairo,Pedestrian Incident,,
2/3/2023 18:14,Cairo,Motorcycle Accident,30.0444,31.2357
7/23/2023 17:40,Giza,Car Crash,30.0131,31.2089
,Sharm El Sheikh,Motorcycle Accident,,
6/11/2023 16:17,Alexandria,,31.2156,29.9553
12/26/2023 20:15,Sharm El Sheikh,,27.9158,34.3299
1/7/2023 2:22,Aswan,Cycling Incident,24.0889,32.8997
6/1/2023 20:40,Sharm El Sheikh,Cycling Incident,27.9158,34.3299
9/5/2023 3:22,Aswan,Cycling Incident,24.0889,32.8997
7/15/2023 4:08,Alexandria,,,
8/14/2023 4:09,Cairo,Motorcycle Accident,30.0444,31.2357
9/1/2023 13:59,Sharm El Sheikh,,27.9158,34.3299
3/25/2023 7:04,Cairo,Car Crash,30.0444,31.2357
5/14/2023 12:15,Giza,Pedestrian Incident,30.0131,31.2089
9/28/2023 17:18,Cairo,Cycling Incident,30.0444,31.2357
4/5/2023 20:58,Giza,Pedestrian Incident,30.0131,31.2089
10/8/2023 7:14,Alexandria,Motorcycle Accident,31.2156,29.9553
11/10/2023 2:20,Sharm El Sheikh,Bus Accident,,
7/29/2023 2:28,Sharm El Sheikh,Motorcycle Accident,27.9158,34.3299
10/4/2023 20:30,Sharm El Sheikh,,27.9158,34.3299
,Aswan,Bus Accident,24.0889,32.8997
,Alexandria,,,
1/28/2023 6:31,Sharm El Sheikh,Car Crash,27.9158,34.3299
10/11/2023 12:35,Luxor,Motorcycle Accident,25.6872,32.6396
,Giza,,,
5/24/2023 9:40,Cairo,Cycling Incident,30.0444,31.2357
3/5/2023 13:37,Aswan,Bus Accident,,
,Alexandria,Bus Accident,,
4/20/2023 3:18,Sharm El Sheikh,Motorcycle Accident,27.9158,34.3299
9/6/2023 14:22,Sharm El Sheikh,,27.9158,34.3299
1/7/2023 19:17,Alexandria,Car Crash,,
,Luxor,,25.6872,32.6396
,Cairo,Pedestrian Incident,30.0444,31.2357
9/15/2023 13:35,Giza,,30.0131,31.2089
11/23/2023 23:37,Sharm El Sheikh,Car Crash,27.9158,34.3299
6/9/2023 21:02,Giza,,30.0131,31.2089
8/5/2023 17:52,Sharm El Sheikh,Car Crash,27.9158,34.3299
,Cairo,Cycling Incident,,
2/2/2023 22:14,Aswan,Cycling Incident,24.0889,32.8997
7/14/2023 1:50,Alexandria,,31.2156,29.9553
9/27/2023 21:52,Giza,Bus Accident,30.0131,31.2089
11/24/2023 4:29,Giza,Motorcycle Accident,30.0131,31.2089
11/24/2023 14:56,Luxor,Bus Accident,25.6872,32.6396
10/8/2023 10:59,Luxor,Motorcycle Accident,25.6872,32.6396
4/18/2023 3:28,Luxor,Bus Accident,25.6872,32.6396
1/5/2023 22:35,Cairo,Cycling Incident,30.0444,31.2357
5/17/2023 5:20,Alexandria,Bus Accident,31.2156,29.9553
,Alexandria,Bus Accident,31.2156,29.9553
9/12/2023 15:18,Aswan,Cycling Incident,,
7/26/2023 10:13,Giza,Cycling Incident,30.0131,31.2089
3/17/2023 0:35,Sharm El Sheikh,Pedestrian Incident,27.9158,34.3299
2/20/2023 9:13,Giza,Car Crash,,
9/17/2023 2:22,Luxor,Bus Accident,,
3/25/2023 2:14,Alexandria,Bus Accident,31.2156,29.9553
6/21/2023 20:31,Sharm El Sheikh,Motorcycle Accident,27.9158,34.3299
5/24/2023 2:25,Alexandria,Pedestrian Incident,,
10/9/2023 8:32,Aswan,Motorcycle Accident,24.0889,32.8997
3/21/2023 12:59,Luxor,Cycling Incident,25.6872,32.6396
5/5/2023 22:16,Giza,,,
6/30/2023 7:44,Cairo,Cycling Incident,30.0444,31.2357
10/17/2023 14:02,Giza,Cycling Incident,,
3/21/2023 9:41,Aswan,Motorcycle Accident,24.0889,32.8997
8/23/2023 19:08,Giza,Pedestrian Incident,30.0131,31.2089
2/15/2023 23:16,Giza,,30.0131,31.2089
8/11/2023 1:45,Luxor,,25.6872,32.6396
6/7/2023 14:27,Giza,Cycling Incident,30.0131,31.2089
7/1/2023 9:32,Alexandria,Cycling Incident,,
10/30/2023 15:17,Aswan,Car Crash,24.0889,32.8997
8/24/2023 21:13,Luxor,Bus Accident,25.6872,32.6396
11/27/2023 19:46,Cairo,Pedestrian Incident,30.0444,31.2357
12/10/2023 3:46,Alexandria,,31.2156,29.9553
5/8/2023 19:10,Sharm El Sheikh,Cycling Incident,27.9158,34.3299
,Cairo,Bus Accident,30.0444,31.2357
,Cairo,Bus Accident,,
,Cairo,Car Crash,,
10/14/2023 22:11,Cairo,,30.0444,31.2357
6/20/2023 8:31,Giza,Car Crash,30.0131,31.2089
4/8/2023 19:11,Giza,Cycling Incident,,
8/27/2023 11:48,Giza,Cycling Incident,30.0131,31.2089
4/17/2023 20:54,Cairo,Car Crash,30.0444,31.2357
,Aswan,,24.0889,32.8997
3/31/2023 19:30,Luxor,Bus Accident,25.6872,32.6396
7/2/2023 6:47,Aswan,,24.0889,32.8997
10/31/2023 7:53,Sharm El Sheikh,Pedestrian Incident,27.9158,34.3299
9/7/2023 7:55,Luxor,,25.6872,32.6396
1/27/2023 15:10,Luxor,Car Crash,,
11/18/2023 17:41,Luxor,Cycling Incident,25.6872,32.6396
,Luxor,Pedestrian Incident,,
9/13/2023 11:38,Aswan,,24.0889,32.8997
12/10/2023 23:22,Alexandria,Motorcycle Accident,31.2156,29.9553
9/15/2023 19:45,Alexandria,Unknown Accident Type,31.2156,29.9553
6/26/2023 11:56,Aswan,,,
,Giza,Car Crash,30.0131,31.2089
6/21/2023 23:26,Aswan,,24.0889,32.8997
5/28/2023 2:37,Giza,Car Crash,30.0131,31.2089
,Sharm El Sheikh,Cycling Incident,27.9158,34.3299
4/11/2023 5:45,Sharm El Sheikh,,27.9158,34.3299
2/4/2023 11:42,Giza,Bus Accident,,
6/13/2023 2:10,Cairo,Motorcycle Accident,30.0444,31.2357
2/5/2023 13:25,Sharm El Sheikh,Motorcycle Accident,27.9158,34.3299
8/23/2023 11:40,Luxor,Pedestrian Incident,25.6872,32.6396
6/3/2023 13:42,Giza,Cycling Incident,30.0131,31.2089
,Giza,Motorcycle Accident,30.0131,31.2089
10/23/2023 23:42,Aswan,Car Crash,24.0889,32.8997
,Luxor,Motorcycle Accident,25.6872,32.6396
11/27/2023 15:47,Alexandria,Pedestrian Incident,31.2156,29.9553
7/29/2023 23:53,Sharm El Sheikh,Pedestrian Incident,27.9158,34.3299
,Aswan,Pedestrian Incident,,
11/14/2023 22:30,Luxor,,25.6872,32.6396
6/10/2023 6:27,Giza,Cycling Incident,30.0131,31.2089
7/12/2023 10:47,Cairo,Cycling Incident,30.0444,31.2357
11/28/2023 14:13,Luxor,Unknown Accident Type,25.6872,32.6396
3/19/2023 20:31,Giza,Motorcycle Accident,,
2/2/2023 23:55,Cairo,Motorcycle Accident,30.0444,31.2357
5/3/2023 11:19,Cairo,Pedestrian Incident,30.0444,31.2357
5/26/2023 23:59,Sharm El Sheikh,Motorcycle Accident,,
9/1/2023 11:09,Aswan,Cycling Incident,24.0889,32.8997
11/13/2023 8:04,Sharm El Sheikh,Motorcycle Accident,,
12/24/2023 17:27,Aswan,Cycling Incident,24.0889,32.8997
10/26/2023 11:39,Luxor,Cycling Incident,25.6872,32.6396
10/3/2023 8:32,Alexandria,Pedestrian Incident,31.2156,29.9553
4/20/2023 4:36,Alexandria,Bus Accident,31.2156,29.9553
1/24/2023 22:51,Luxor,,,
1/20/2023 19:25,Luxor,Pedestrian Incident,25.6872,32.6396
5/2/2023 18:55,Aswan,Cycling Incident,24.0889,32.8997
3/2/2023 9:27,Cairo,Cycling Incident,30.0444,31.2357
5/8/2023 17:07,Alexandria,Cycling Incident,31.2156,29.9553
4/24/2023 18:15,Luxor,Car Crash,,
,Alexandria,Bus Accident,31.2156,29.9553
7/8/2023 22:16,Giza,Motorcycle Accident,30.0131,31.2089
11/4/2023 22:25,Luxor,,25.6872,32.6396
12/27/2023 5:52,Sharm El Sheikh,Bus Accident,27.9158,34.3299
8/10/2023 11:33,Luxor,Cycling Incident,25.6872,32.6396
5/11/2023 21:21,Cairo,Car Crash,30.0444,31.2357
4/30/2023 18:55,Aswan,Car Crash,24.0889,32.8997
1/8/2023 15:48,Sharm El Sheikh,Cycling Incident,27.9158,34.3299
8/28/2023 17:13,Aswan,Pedestrian Incident,,
11/15/2023 23:30,Giza,Car Crash,30.0131,31.2089
6/28/2023 11:17,Sharm El Sheikh,Pedestrian Incident,,
,Sharm El Sheikh,Car Crash,,
6/27/2023 15:40,Sharm El Sheikh,,27.9158,34.3299
11/9/2023 8:54,Cairo,Car Crash,30.0444,31.2357
1/13/2023 8:06,Luxor,Car Crash,25.6872,32.6396
2/19/2023 11:36,Aswan,Bus Accident,24.0889,32.8997
3/16/2023 11:59,Giza,Motorcycle Accident,30.0131,31.2089
12/4/2023 0:44,Luxor,Motorcycle Accident,25.6872,32.6396
7/22/2023 5:37,Sharm El Sheikh,Pedestrian Incident,27.9158,34.3299
9/3/2023 19:17,Aswan,Bus Accident,,
12/20/2023 0:28,Luxor,Cycling Incident,25.6872,32.6396
6/15/2023 9:01,Aswan,Cycling Incident,24.0889,32.8997
,Alexandria,Pedestrian Incident,31.2156,29.9553
,Sharm El Sheikh,Pedestrian Incident,27.9158,34.3299
11/5/2023 19:07,Luxor,Pedestrian Incident,25.6872,32.6396
,Luxor,Cycling Incident,25.6872,32.6396
2/3/2023 2:28,Luxor,Pedestrian Incident,25.6872,32.6396
6/28/2023 13:38,Aswan,Pedestrian Incident,24.0889,32.8997
12/1/2023 21:54,Aswan,Cycling Incident,24.0889,32.8997
10/11/2023 19:36,Luxor,Bus Accident,25.6872,32.6396
2/5/2023 16:32,Alexandria,Bus Accident,31.2156,29.9553
,Sharm El Sheikh,,27.9158,34.3299
,Cairo,,30.0444,31.2357
11/3/2023 1:05,Aswan,Pedestrian Incident,24.0889,32.8997
12/30/2023 17:03,Alexandria,Bus Accident,31.2156,29.9553
,Giza,Bus Accident,,
11/9/2023 2:42,Cairo,Car Crash,30.0444,31.2357
,Giza,,30.0131,31.2089
8/29/2023 4:08,Alexandria,Car Crash,31.2156,29.9553
10/31/2023 7:05,Cairo,Bus Accident,30.0444,31.2357
9/15/2023 0:25,Cairo,,30.0444,31.2357
8/23/2023 15:07,Giza,Pedestrian Incident,,
2/28/2023 5:16,Giza,,,
2/3/2023 20:39,Giza,Car Crash,,
9/6/2023 12:45,Luxor,Car Crash,25.6872,32.6396
6/1/2023 20:13,Aswan,,24.0889,32.8997
,Giza,Motorcycle Accident,30.0131,31.2089
2/1/2023 12:18,Luxor,Car Crash,25.6872,32.6396
,Sharm El Sheikh,,27.9158,34.3299
,Alexandria,Motorcycle Accident,31.2156,29.9553
,Giza,,30.0131,31.2089
2/14/2023 15:00,Sharm El Sheikh,Cycling Incident,27.9158,34.3299
,Alexandria,Pedestrian Incident,,
,Luxor,Motorcycle Accident,25.6872,32.6396
,Luxor,Cycling Incident,25.6872,32.6396
,Sharm El Sheikh,Unknown Accident Type,,
2/12/2023 15:43,Sharm El Sheikh,Car Crash,27.9158,34.3299
4/11/2023 11:30,Giza,Motorcycle Accident,30.0131,31.2089
6/26/2023 19:23,Giza,Cycling Incident,30.0131,31.2089
11/26/2023 14:03,Giza,Cycling Incident,30.0131,31.2089
10/1/2023 17:25,Giza,,30.0131,31.2089
7/12/2023 15:20,Sharm El Sheikh,Cycling Incident,27.9158,34.3299
5/19/2023 7:58,Alexandria,Cycling Incident,31.2156,29.9553
8/19/2023 8:36,Cairo,,30.0444,31.2357
9/9/2023 2:28,Luxor,Car Crash,25.6872,32.6396
12/5/2023 15:05,Cairo,Bus Accident,,
,Aswan,Bus Accident,24.0889,32.8997
,Sharm El Sheikh,Pedestrian Incident,,
,Aswan,,24.0889,32.8997
6/25/2023 15:37,Sharm El Sheikh,Pedestrian Incident,27.9158,34.3299
10/25/2023 18:07,Luxor,Pedestrian Incident,25.6872,32.6396
6/20/2023 4:00,Aswan,Motorcycle Accident,24.0889,32.8997
6/25/2023 11:01,Luxor,Cycling Incident,25.6872,32.6396
7/18/2023 10:52,Aswan,Cycling Incident,24.0889,32.8997
1/1/2023 22:08,Aswan,,,
7/11/2023 23:05,Luxor,Bus Accident,25.6872,32.6396
1/21/2023 1:48,Sharm El Sheikh,Cycling Incident,27.9158,34.3299
12/17/2023 17:03,Luxor,Motorcycle Accident,25.6872,32.6396
2/10/2023 0:15,Luxor,Unknown Accident Type,25.6872,32.6396
,Alexandria,Bus Accident,31.2156,29.9553
8/24/2023 18:43,Alexandria,Car Crash,,
3/27/2023 1:08,Aswan,Unknown Accident Type,24.0889,32.8997
8/30/2023 3:42,Sharm El Sheikh,,,
,Aswan,,,
4/17/2023 21:55,Luxor,Unknown Accident Type,25.6872,32.6396
6/16/2023 7:30,Alexandria,Motorcycle Accident,31.2156,29.9553
,Cairo,Motorcycle Accident,30.0444,31.2357
11/15/2023 22:47,Alexandria,Cycling Incident,31.2156,29.9553
,Cairo,Pedestrian Incident,30.0444,31.2357
3/12/2023 23:40,Aswan,Motorcycle Accident,24.0889,32.8997
1/2/2023 9:56,Luxor,,25.6872,32.6396
5/29/2023 7:43,Luxor,Car Crash,25.6872,32.6396
,Alexandria,,31.2156,29.9553
4/30/2023 23:49,Luxor,Cycling Incident,25.6872,32.6396
4/29/2023 0:45,Sharm El Sheikh,Car Crash,27.9158,34.3299
12/20/2023 15:10,Cairo,Motorcycle Accident,30.0444,31.2357
9/16/2023 5:19,Sharm El Sheikh,,27.9158,34.3299
,Giza,Cycling Incident,30.0131,31.2089
3/27/2023 3:01,Sharm El Sheikh,Pedestrian Incident,27.9158,34.3299
12/31/2023 0:34,Aswan,Car Crash,,
,Giza,Motorcycle Accident,30.0131,31.2089
2/3/2023 0:12,Cairo,Motorcycle Accident,,
5/29/2023 1:28,Giza,Motorcycle Accident,30.0131,31.2089
7/3/2023 14:50,Luxor,Bus Accident,25.6872,32.6396
1/20/2023 7:28,Aswan,Bus Accident,24.0889,32.8997
7/12/2023 9:42,Alexandria,Bus Accident,,
,Cairo,Bus Accident,30.0444,31.2357
12/26/2023 2:25,Sharm El Sheikh,Car Crash,27.9158,34.3299
8/10/2023 11:13,Sharm El Sheikh,Cycling Incident,27.9158,34.3299
12/26/2023 21:44,Luxor,Bus Accident,25.6872,32.6396
10/5/2023 2:19,Sharm El Sheikh,Car Crash,,
,Cairo,Unknown Accident Type,,
7/23/2023 17:29,Sharm El Sheikh,Cycling Incident,27.9158,34.3299
4/26/2023 4:58,Luxor,Bus Accident,25.6872,32.6396
1/2/2023 20:50,Luxor,Motorcycle Accident,25.6872,32.6396
10/1/2023 16:35,Aswan,Motorcycle Accident,24.0889,32.8997
12/5/2023 22:13,Aswan,,24.0889,32.8997
7/25/2023 2:47,Luxor,Motorcycle Accident,25.6872,32.6396
9/29/2023 1:15,Giza,Pedestrian Incident,30.0131,31.2089
8/23/2023 22:06,Alexandria,Motorcycle Accident,31.2156,29.9553
8/13/2023 11:06,Aswan,Cycling Incident,24.0889,32.8997
9/27/2023 7:29,Sharm El Sheikh,Pedestrian Incident,27.9158,34.3299
,Sharm El Sheikh,,27.9158,34.3299
6/28/2023 4:56,Luxor,Cycling Incident,25.6872,32.6396
6/24/2023 14:27,Sharm El Sheikh,Car Crash,27.9158,34.3299
12/26/2023 12:15,Sharm El Sheikh,Bus Accident,,
3/12/2023 12:42,Sharm El Sheikh,Cycling Incident,27.9158,34.3299
9/20/2023 20:38,Alexandria,Bus Accident,31.2156,29.9553
3/19/2023 8:55,Luxor,,25.6872,32.6396
3/16/2023 16:36,Giza,Cycling Incident,30.0131,31.2089
12/12/2023 19:29,Giza,,30.0131,31.2089
,Aswan,Car Crash,24.0889,32.8997
3/5/2023 16:36,Giza,Motorcycle Accident,30.0131,31.2089
12/30/2023 7:40,Alexandria,,31.2156,29.9553
,Aswan,Bus Accident,24.0889,32.8997
,Luxor,Cycling Incident,25.6872,32.6396
11/15/2023 10:42,Luxor,Bus Accident,25.6872,32.6396
6/27/2023 1:29,Luxor,Pedestrian Incident,25.6872,32.6396
11/17/2023 10:32,Sharm El Sheikh,Car Crash,,
11/30/2023 1:25,Cairo,Cycling Incident,30.0444,31.2357
1/24/2023 4:03,Giza,,30.0131,31.2089
8/31/2023 2:33,Aswan,Motorcycle Accident,24.0889,32.8997
5/4/2023 5:57,Luxor,Cycling Incident,25.6872,32.6396
4/6/2023 7:30,Giza,Motorcycle Accident,30.0131,31.2089
,Sharm El Sheikh,Motorcycle Accident,27.9158,34.3299
,Sharm El Sheikh,Car Crash,27.9158,34.3299
7/18/2023 21:51,Aswan,Pedestrian Incident,24.0889,32.8997
9/16/2023 9:06,Luxor,Bus Accident,25.6872,32.6396
,Cairo,Pedestrian Incident,30.0444,31.2357
4/6/2023 0:05,Giza,,,
4/6/2023 4:09,Luxor,Unknown Accident Type,25.6872,32.6396
9/18/2023 4:57,Aswan,,24.0889,32.8997
2/2/2023 14:11,Sharm El Sheikh,Motorcycle Accident,,
,Cairo,Cycling Incident,,
7/20/2023 9:29,Sharm El Sheikh,Car Crash,,
,Aswan,Motorcycle Accident,24.0889,32.8997
5/13/2023 22:43,Aswan,Pedestrian Incident,,
11/8/2023 12:56,Alexandria,Pedestrian Incident,,
11/3/2023 18:29,Cairo,Pedestrian Incident,30.0444,31.2357
8/7/2023 5:19,Giza,Pedestrian Incident,30.0131,31.2089
2/26/2023 7:45,Sharm El Sheikh,Motorcycle Accident,27.9158,34.3299
2/22/2023 5:21,Sharm El Sheikh,Cycling Incident,27.9158,34.3299
9/19/2023 10:53,Cairo,Cycling Incident,30.0444,31.2357
6/16/2023 22:22,Alexandria,Cycling Incident,31.2156,29.9553
9/6/2023 8:05,Sharm El Sheikh,Motorcycle Accident,27.9158,34.3299
,Alexandria,Motorcycle Accident,,
11/27/2023 13:31,Cairo,,30.0444,31.2357
5/9/2023 21:21,Luxor,Car Crash,25.6872,32.6396
8/7/2023 19:39,Cairo,Pedestrian Incident,30.0444,31.2357
1/7/2023 9:43,Alexandria,Unknown Accident Type,31.2156,29.9553
6/29/2023 19:41,Aswan,Cycling Incident,24.0889,32.8997
,Sharm El Sheikh,Pedestrian Incident,,
9/4/2023 22:41,Cairo,,30.0444,31.2357
8/8/2023 13:35,Giza,Motorcycle Accident,,
12/21/2023 15:12,Alexandria,Motorcycle Accident,,
10/15/2023 12:01,Aswan,Bus Accident,24.0889,32.8997
,Luxor,Car Crash,25.6872,32.6396
5/13/2023 5:17,Sharm El Sheikh,Car Crash,27.9158,34.3299
5/11/2023 9:28,Alexandria,,31.2156,29.9553
9/16/2023 5:17,Alexandria,Pedestrian Incident,,
12/17/2023 6:31,Luxor,Cycling Incident,,
10/14/2023 4:07,Luxor,Cycling Incident,25.6872,32.6396
10/12/2023 10:03,Cairo,Cycling Incident,30.0444,31.2357
2/26/2023 20:35,Alexandria,Cycling Incident,31.2156,29.9553
12/24/2023 7:07,Sharm El Sheikh,Car Crash,27.9158,34.3299
12/31/2023 21:32,Giza,Pedestrian Incident,,
3/19/2023 6:37,Giza,,30.0131,31.2089
6/28/2023 15:50,Aswan,Car Crash,24.0889,32.8997
5/10/2023 23:34,Cairo,Cycling Incident,30.0444,31.2357
6/27/2023 11:28,Alexandria,Pedestrian Incident,,
7/3/2023 6:28,Sharm El Sheikh,Car Crash,27.9158,34.3299
10/30/2023 1:36,Giza,Bus Accident,30.0131,31.2089
,Sharm El Sheikh,Cycling Incident,27.9158,34.3299
6/24/2023 21:24,Sharm El Sheikh,Motorcycle Accident,,
9/23/2023 12:37,Sharm El Sheikh,Car Crash,27.9158,34.3299
7/21/2023 19:27,Cairo,Bus Accident,30.0444,31.2357
,Sharm El Sheikh,,27.9158,34.3299
,Cairo,Car Crash,30.0444,31.2357
2/20/2023 9:54,Alexandria,Bus Accident,,
,Luxor,Bus Accident,25.6872,32.6396
3/6/2023 23:20,Cairo,Car Crash,30.0444,31.2357
10/11/2023 6:18,Sharm El Sheikh,,27.9158,34.3299
1/31/2023 2:58,Aswan,Bus Accident,24.0889,32.8997
11/12/2023 3:45,Luxor,Cycling Incident,25.6872,32.6396
2/2/2023 6:11,Luxor,Motorcycle Accident,25.6872,32.6396
1/22/2023 19:10,Giza,Motorcycle Accident,30.0131,31.2089
7/30/2023 0:35,Alexandria,Bus Accident,31.2156,29.9553
,Alexandria,Bus Accident,31.2156,29.9553
12/6/2023 16:28,Cairo,,30.0444,31.2357
3/4/2023 2:38,Alexandria,,31.2156,29.9553
6/13/2023 3:28,Aswan,Car Crash,24.0889,32.8997
10/7/2023 15:30,Cairo,Car Crash,30.0444,31.2357
9/29/2023 22:46,Sharm El Sheikh,Pedestrian Incident,27.9158,34.3299
,Sharm El Sheikh,Motorcycle Accident,27.9158,34.3299
9/5/2023 12:06,Cairo,Pedestrian Incident,30.0444,31.2357
7/7/2023 1:00,Luxor,Bus Accident,25.6872,32.6396
6/18/2023 18:30,Alexandria,Cycling Incident,31.2156,29.9553
10/22/2023 12:36,Cairo,,30.0444,31.2357
9/13/2023 16:16,Giza,,,
12/26/2023 11:34,Aswan,Cycling Incident,24.0889,32.8997
,Cairo,,,
2/13/2023 0:06,Alexandria,Motorcycle Accident,31.2156,29.9553
4/6/2023 3:06,Alexandria,Motorcycle Accident,31.2156,29.9553
4/5/2023 1:55,Alexandria,Cycling Incident,31.2156,29.9553
8/11/2023 20:29,Alexandria,Bus Accident,31.2156,29.9553
1/9/2023 20:39,Alexandria,,,
7/16/2023 5:44,Luxor,,25.6872,32.6396
7/13/2023 9:37,Sharm El Sheikh,Bus Accident,27.9158,34.3299
7/21/2023 4:14,Alexandria,Cycling Incident,31.2156,29.9553
2/28/2023 14:09,Sharm El Sheikh,Cycling Incident,27.9158,34.3299
10/14/2023 21:57,Aswan,Pedestrian Incident,24.0889,32.8997
11/30/2023 18:52,Luxor,Unknown Accident Type,,
3/18/2023 9:46,Giza,Motorcycle Accident,30.0131,31.2089
12/27/2023 0:01,Sharm El Sheikh,Cycling Incident,,
8/25/2023 13:51,Luxor,Cycling Incident,25.6872,32.6396
,Luxor,Pedestrian Incident,25.6872,32.6396
11/15/2023 23:55,Cairo,Bus Accident,30.0444,31.2357
,Cairo,Car Crash,30.0444,31.2357
,Sharm El Sheikh,Bus Accident,27.9158,34.3299
10/24/2023 16:47,Luxor,Motorcycle Accident,25.6872,32.6396
9/23/2023 16:53,Sharm El Sheikh,Car Crash,,
11/3/2023 7:47,Cairo,,,
10/2/2023 18:16,Giza,Cycling Incident,,
1/10/2023 11:30,Giza,Bus Accident,30.0131,31.2089
,Cairo,Pedestrian Incident,30.0444,31.2357
,Giza,Motorcycle Accident,30.0131,31.2089
,Cairo,Bus Accident,30.0444,31.2357
9/5/2023 22:23,Aswan,,,
12/4/2023 15:05,Cairo,Motorcycle Accident,30.0444,31.2357
1/26/2023 19:44,Cairo,Bus Accident,,
1/26/2023 6:16,Sharm El Sheikh,Motorcycle Accident,27.9158,34.3299
10/16/2023 15:12,Cairo,Car Crash,30.0444,31.2357
5/3/2023 6:49,Giza,Motorcycle Accident,30.0131,31.2089
,Cairo,Motorcycle Accident,,
2/11/2023 10:49,Giza,Car Crash,30.0131,31.2089
6/2/2023 23:23,Giza,Car Crash,30.0131,31.2089
3/24/2023 22:24,Luxor,Pedestrian Incident,25.6872,32.6396
,Cairo,Pedestrian Incident,30.0444,31.2357
11/23/2023 16:19,Sharm El Sheikh,,27.9158,34.3299
11/19/2023 5:46,Cairo,Motorcycle Accident,30.0444,31.2357
,Alexandria,Car Crash,31.2156,29.9553
3/24/2023 8:17,Giza,,30.0131,31.2089
6/16/2023 10:45,Cairo,Unknown Accident Type,30.0444,31.2357
9/1/2023 4:22,Giza,Pedestrian Incident,30.0131,31.2089
,Aswan,Bus Accident,24.0889,32.8997
8/18/2023 15:54,Sharm El Sheikh,Cycling Incident,27.9158,34.3299
,Alexandria,Cycling Incident,,
8/28/2023 14:44,Luxor,Cycling Incident,25.6872,32.6396
9/2/2023 23:22,Aswan,Cycling Incident,24.0889,32.8997
4/7/2023 3:58,Giza,,30.0131,31.2089
4/13/2023 2:40,Luxor,Motorcycle Accident,25.6872,32.6396
,Alexandria,Cycling Incident,31.2156,29.9553
,Sharm El Sheikh,,27.9158,34.3299
4/13/2023 6:33,Giza,Car Crash,30.0131,31.2089
12/17/2023 12:05,Giza,Cycling Incident,30.0131,31.2089
7/8/2023 14:20,Alexandria,Bus Accident,31.2156,29.9553
,Sharm El Sheikh,Cycling Incident,27.9158,34.3299
2/8/2023 11:10,Luxor,,25.6872,32.6396
7/2/2023 11:16,Luxor,Cycling Incident,,
4/25/2023 12:58,Alexandria,Bus Accident,31.2156,29.9553
12/28/2023 19:43,Cairo,Pedestrian Incident,30.0444,31.2357
,Alexandria,,31.2156,29.9553
4/26/2023 9:36,Aswan,,24.0889,32.8997
5/11/2023 10:05,Alexandria,Pedestrian Incident,31.2156,29.9553
10/21/2023 19:45,Aswan,,24.0889,32.8997
10/4/2023 6:07,Giza,Bus Accident,30.0131,31.2089
12/20/2023 1:14,Luxor,Motorcycle Accident,25.6872,32.6396
6/26/2023 11:09,Sharm El Sheikh,Pedestrian Incident,27.9158,34.3299
5/30/2023 23:25,Giza,Motorcycle Accident,30.0131,31.2089
11/13/2023 8:29,Luxor,Cycling Incident,25.6872,32.6396
5/2/2023 2:03,Sharm El Sheikh,Cycling Incident,27.9158,34.3299
8/15/2023 1:58,Sharm El Sheikh,Car Crash,27.9158,34.3299
,Sharm El Sheikh,Pedestrian Incident,27.9158,34.3299
3/19/2023 2:53,Aswan,Pedestrian Incident,24.0889,32.8997
9/8/2023 8:36,Giza,Pedestrian Incident,30.0131,31.2089
,Alexandria,Cycling Incident,,
,Luxor,Motorcycle Accident,,
4/20/2023 19:59,Alexandria,Pedestrian Incident,31.2156,29.9553
12/16/2023 2:33,Luxor,Cycling Incident,25.6872,32.6396
,Aswan,Car Crash,24.0889,32.8997
3/23/2023 13:41,Luxor,Unknown Accident Type,,
12/4/2023 8:18,Alexandria,Bus Accident,31.2156,29.9553
1/3/2023 1:33,Sharm El Sheikh,Car Crash,27.9158,34.3299
10/20/2023 13:49,Cairo,Cycling Incident,30.0444,31.2357
2/6/2023 20:53,Sharm El Sheikh,Cycling Incident,27.9158,34.3299
1/25/2023 1:45,Luxor,,,
12/9/2023 12:04,Cairo,Car Crash,,
3/27/2023 21:50,Aswan,Car Crash,24.0889,32.8997
12/20/2023 15:55,Sharm El Sheikh,Pedestrian Incident,27.9158,34.3299
,Luxor,Bus Accident,25.6872,32.6396
,Giza,Car Crash,30.0131,31.2089
8/24/2023 7:14,Giza,Car Crash,,
10/19/2023 10:26,Sharm El Sheikh,Car Crash,27.9158,34.3299
,Luxor,Pedestrian Incident,25.6872,32.6396
11/27/2023 17:51,Sharm El Sheikh,Motorcycle Accident,27.9158,34.3299
7/21/2023 13:57,Sharm El Sheikh,Bus Accident,27.9158,34.3299
,Sharm El Sheikh,Motorcycle Accident,27.9158,34.3299
3/31/2023 9:18,Aswan,Bus Accident,24.0889,32.8997
8/2/2023 2:03,Aswan,Motorcycle Accident,24.0889,32.8997
9/13/2023 21:18,Sharm El Sheikh,,27.9158,34.3299
8/9/2023 5:52,Luxor,Pedestrian Incident,25.6872,32.6396
,Luxor,Car Crash,25.6872,32.6396
,Luxor,,25.6872,32.6396
2/23/2023 20:49,Luxor,Bus Accident,,
,Sharm El Sheikh,Bus Accident,27.9158,34.3299
,Giza,Cycling Incident,30.0131,31.2089
11/15/2023 4:11,Cairo,Motorcycle Accident,30.0444,31.2357
12/25/2023 22:21,Aswan,,24.0889,32.8997
,Alexandria,Cycling Incident,,
9/27/2023 5:49,Alexandria,,31.2156,29.9553
,Aswan,Bus Accident,24.0889,32.8997
5/30/2023 5:15,Alexandria,Pedestrian Incident,31.2156,29.9553
,Aswan,Motorcycle Accident,24.0889,32.8997
6/20/2023 0:40,Sharm El Sheikh,Motorcycle Accident,27.9158,34.3299
8/13/2023 14:25,Alexandria,,31.2156,29.9553
6/17/2023 18:22,Giza,,30.0131,31.2089
4/24/2023 4:04,Cairo,Motorcycle Accident,30.0444,31.2357
6/14/2023 6:12,Luxor,Car Crash,25.6872,32.6396
11/25/2023 2:56,Sharm El Sheikh,,,
1/28/2023 13:23,Alexandria,Bus Accident,31.2156,29.9553
,Sharm El Sheikh,Car Crash,27.9158,34.3299
,Giza,Car Crash,30.0131,31.2089
3/3/2023 10:11,Aswan,Unknown Accident Type,24.0889,32.8997
3/12/2023 12:57,Luxor,Bus Accident,25.6872,32.6396
9/1/2023 22:00,Giza,Car Crash,,
9/13/2023 7:22,Giza,Cycling Incident,,
4/22/2023 0:39,Giza,Motorcycle Accident,30.0131,31.2089
,Aswan,Cycling Incident,24.0889,32.8997
1/25/2023 7:00,Cairo,Bus Accident,30.0444,31.2357
1/13/2023 6:00,Luxor,,25.6872,32.6396
3/19/2023 10:23,Sharm El Sheikh,,27.9158,34.3299
5/24/2023 14:49,Aswan,Motorcycle Accident,24.0889,32.8997
11/30/2023 7:32,Cairo,Pedestrian Incident,30.0444,31.2357
1/29/2023 21:22,Luxor,Motorcycle Accident,25.6872,32.6396
2/12/2023 18:12,Aswan,Pedestrian Incident,24.0889,32.8997
12/16/2023 12:24,Luxor,Motorcycle Accident,25.6872,32.6396
,Sharm El Sheikh,Motorcycle Accident,27.9158,34.3299
1/14/2023 5:54,Giza,Cycling Incident,30.0131,31.2089
3/1/2023 17:46,Luxor,Pedestrian Incident,25.6872,32.6396
3/17/2023 14:01,Luxor,,25.6872,32.6396
11/1/2023 7:58,Luxor,Car Crash,25.6872,32.6396
,Luxor,Pedestrian Incident,25.6872,32.6396
3/4/2023 15:17,Aswan,Car Crash,24.0889,32.8997
2/19/2023 11:01,Giza,Cycling Incident,30.0131,31.2089
,Luxor,,25.6872,32.6396
1/10/2023 17:24,Cairo,Cycling Incident,30.0444,31.2357
11/23/2023 1:50,Luxor,,25.6872,32.6396
11/19/2023 7:15,Giza,,30.0131,31.2089
8/14/2023 16:32,Sharm El Sheikh,Bus Accident,27.9158,34.3299
8/23/2023 17:41,Luxor,Bus Accident,,
2/6/2023 10:07,Sharm El Sheikh,Motorcycle Accident,27.9158,34.3299
12/24/2023 1:09,Aswan,Cycling Incident,24.0889,32.8997
1/19/2023 3:15,Aswan,Motorcycle Accident,24.0889,32.8997
,Sharm El Sheikh,,,
,Luxor,,25.6872,32.6396
1/21/2023 12:30,Alexandria,Car Crash,31.2156,29.9553
11/26/2023 5:39,Alexandria,Motorcycle Accident,31.2156,29.9553
3/10/2023 19:52,Cairo,Motorcycle Accident,30.0444,31.2357
5/31/2023 5:37,Cairo,Motorcycle Accident,30.0444,31.2357
12/24/2023 9:32,Giza,Car Crash,30.0131,31.2089
12/30/2023 23:49,Alexandria,Bus Accident,31.2156,29.9553
11/12/2023 18:01,Alexandria,Bus Accident,31.2156,29.9553
10/22/2023 12:28,Luxor,,25.6872,32.6396
11/1/2023 12:34,Luxor,Pedestrian Incident,25.6872,32.6396
8/12/2023 7:44,Aswan,Motorcycle Accident,24.0889,32.8997
,Sharm El Sheikh,,27.9158,34.3299
4/2/2023 3:58,Alexandria,Bus Accident,31.2156,29.9553
12/5/2023 14:29,Sharm El Sheikh,Pedestrian Incident,27.9158,34.3299
8/3/2023 8:45,Giza,Cycling Incident,30.0131,31.2089
3/13/2023 1:24,Cairo,Car Crash,30.0444,31.2357
,Sharm El Sheikh,Motorcycle Accident,27.9158,34.3299
8/23/2023 14:13,Giza,Bus Accident,30.0131,31.2089
12/15/2023 15:26,Luxor,Motorcycle Accident,25.6872,32.6396
8/5/2023 1:50,Aswan,Pedestrian Incident,,
6/21/2023 19:08,Aswan,Car Crash,24.0889,32.8997
5/27/2023 5:44,Alexandria,Bus Accident,31.2156,29.9553
7/5/2023 10:06,Giza,Cycling Incident,30.0131,31.2089
,Alexandria,Bus Accident,31.2156,29.9553
7/23/2023 20:57,Alexandria,,31.2156,29.9553
11/28/2023 17:55,Giza,,,
,Cairo,Car Crash,30.0444,31.2357
10/7/2023 0:30,Luxor,Car Crash,25.6872,32.6396
3/23/2023 12:20,Giza,Motorcycle Accident,30.0131,31.2089
4/27/2023 20:53,Alexandria,,31.2156,29.9553
8/16/2023 16:46,Alexandria,Pedestrian Incident,31.2156,29.9553
,Cairo,Cycling Incident,30.0444,31.2357
8/28/2023 17:16,Alexandria,Pedestrian Incident,31.2156,29.9553
6/25/2023 13:16,Aswan,Cycling Incident,24.0889,32.8997
2/16/2023 6:17,Sharm El Sheikh,Motorcycle Accident,27.9158,34.3299
6/26/2023 6:00,Giza,Cycling Incident,,
11/1/2023 11:22,Cairo,Cycling Incident,30.0444,31.2357
5/3/2023 21:30,Giza,Cycling Incident,,
10/9/2023 14:52,Aswan,,24.0889,32.8997
8/23/2023 10:40,Aswan,Car Crash,24.0889,32.8997
10/10/2023 10:02,Alexandria,Cycling Incident,31.2156,29.9553
12/23/2023 3:52,Sharm El Sheikh,,27.9158,34.3299
3/14/2023 15:10,Sharm El Sheikh,Motorcycle Accident,27.9158,34.3299
,Cairo,Motorcycle Accident,30.0444,31.2357
5/15/2023 0:10,Giza,Bus Accident,30.0131,31.2089
8/17/2023 7:12,Alexandria,Cycling Incident,31.2156,29.9553
7/9/2023 13:58,Sharm El Sheikh,Pedestrian Incident,,
,Cairo,Pedestrian Incident,30.0444,31.2357
11/30/2023 11:27,Luxor,,25.6872,32.6396
7/4/2023 1:45,Sharm El Sheikh,Pedestrian Incident,27.9158,34.3299
9/30/2023 22:04,Luxor,Bus Accident,25.6872,32.6396
5/12/2023 18:43,Alexandria,Car Crash,,
1/25/2023 2:45,Luxor,Pedestrian Incident,25.6872,32.6396
4/21/2023 23:28,Sharm El Sheikh,Pedestrian Incident,27.9158,34.3299
1/14/2023 18:34,Giza,Bus Accident,30.0131,31.2089
10/8/2023 13:26,Luxor,,25.6872,32.6396
1/6/2023 9:14,Luxor,Bus Accident,25.6872,32.6396
9/1/2023 13:15,Sharm El Sheikh,Bus Accident,27.9158,34.3299
1/13/2023 21:16,Aswan,Cycling Incident,24.0889,32.8997
5/24/2023 7:27,Cairo,Motorcycle Accident,,
,Aswan,Cycling Incident,24.0889,32.8997
9/3/2023 6:17,Cairo,Pedestrian Incident,30.0444,31.2357
4/20/2023 3:17,Sharm El Sheikh,Cycling Incident,27.9158,34.3299
12/31/2023 15:43,Alexandria,Bus Accident,31.2156,29.9553
,Cairo,Bus Accident,30.0444,31.2357
3/8/2023 15:08,Cairo,Car Crash,30.0444,31.2357
8/20/2023 21:14,Cairo,Motorcycle Accident,30.0444,31.2357
6/7/2023 8:20,Giza,Cycling Incident,30.0131,31.2089
7/14/2023 19:40,Alexandria,,31.2156,29.9553
11/4/2023 8:45,Aswan,Cycling Incident,24.0889,32.8997
9/19/2023 17:30,Luxor,Bus Accident,25.6872,32.6396
2/8/2023 6:45,Luxor,Motorcycle Accident,25.6872,32.6396
1/15/2023 7:51,Giza,Cycling Incident,30.0131,31.2089
,Cairo,Car Crash,30.0444,31.2357
10/16/2023 1:51,Giza,Motorcycle Accident,30.0131,31.2089
10/1/2023 1:10,Sharm El Sheikh,,27.9158,34.3299
,Luxor,Car Crash,25.6872,32.6396
,Cairo,Car Crash,30.0444,31.2357
6/20/2023 8:00,Sharm El Sheikh,Cycling Incident,27.9158,34.3299
,Luxor,Pedestrian Incident,25.6872,32.6396
5/7/2023 15:19,Giza,Motorcycle Accident,30.0131,31.2089
8/20/2023 3:24,Sharm El Sheikh,Car Crash,27.9158,34.3299
2/13/2023 16:16,Luxor,Car Crash,25.6872,32.6396
5/21/2023 16:52,Sharm El Sheikh,Cycling Incident,27.9158,34.3299
10/26/2023 14:45,Giza,Bus Accident,30.0131,31.2089
2/22/2023 10:39,Cairo,Unknown Accident Type,,
2/13/2023 15:25,Cairo,Bus Accident,30.0444,31.2357
11/22/2023 16:23,Cairo,,30.0444,31.2357
4/13/2023 7:51,Luxor,Pedestrian Incident,25.6872,32.6396
8/11/2023 22:01,Alexandria,Bus Accident,31.2156,29.9553
4/27/2023 23:46,Aswan,Pedestrian Incident,24.0889,32.8997
,Alexandria,Pedestrian Incident,,
1/1/2024 10:29,Luxor,,,
1/16/2023 13:18,Alexandria,Car Crash,,
7/23/2023 10:16,Cairo,Car Crash,30.0444,31.2357
5/22/2023 15:06,Luxor,Cycling Incident,25.6872,32.6396
11/11/2023 4:17,Aswan,Cycling Incident,24.0889,32.8997
11/20/2023 8:36,Luxor,Pedestrian Incident,25.6872,32.6396
3/30/2023 20:53,Giza,,,
10/24/2023 18:00,Alexandria,Cycling Incident,31.2156,29.9553
11/7/2023 4:01,Giza,Pedestrian Incident,30.0131,31.2089
6/23/2023 19:37,Luxor,Cycling Incident,25.6872,32.6396
7/13/2023 23:51,Cairo,,,
1/4/2023 15:24,Cairo,Car Crash,30.0444,31.2357
,Cairo,Pedestrian Incident,30.0444,31.2357
10/21/2023 15:28,Alexandria,Pedestrian Incident,,
7/5/2023 7:30,Luxor,Motorcycle Accident,,
,Giza,Bus Accident,30.0131,31.2089
5/13/2023 14:53,Giza,Unknown Accident Type,,
8/28/2023 10:50,Sharm El Sheikh,Pedestrian Incident,27.9158,34.3299
12/16/2023 23:47,Cairo,Cycling Incident,30.0444,31.2357
7/26/2023 3:09,Alexandria,,31.2156,29.9553
3/28/2023 8:36,Alexandria,Bus Accident,31.2156,29.9553
9/30/2023 21:59,Sharm El Sheikh,Motorcycle Accident,27.9158,34.3299
,Alexandria,Motorcycle Accident,,
12/18/2023 22:07,Sharm El Sheikh,Motorcycle Accident,27.9158,34.3299
,Luxor,Car Crash,25.6872,32.6396
5/15/2023 23:11,Aswan,Motorcycle Accident,,
,Giza,,,
3/4/2023 1:01,Cairo,,30.0444,31.2357
,Cairo,Motorcycle Accident,30.0444,31.2357
10/22/2023 5:53,Sharm El Sheikh,Bus Accident,27.9158,34.3299
8/7/2023 4:42,Luxor,Motorcycle Accident,25.6872,32.6396
,Luxor,Pedestrian Incident,25.6872,32.6396
8/25/2023 12:24,Cairo,Cycling Incident,,
2/3/2023 2:17,Giza,Car Crash,30.0131,31.2089
1/15/2023 16:21,Sharm El Sheikh,Car Crash,27.9158,34.3299
,Giza,Bus Accident,30.0131,31.2089
8/15/2023 14:01,Cairo,Pedestrian Incident,,
7/10/2023 10:33,Giza,Cycling Incident,30.0131,31.2089
6/27/2023 3:55,Sharm El Sheikh,,27.9158,34.3299
,Cairo,Motorcycle Accident,,
1/16/2023 20:37,Cairo,Bus Accident,30.0444,31.2357
,Cairo,Pedestrian Incident,30.0444,31.2357
,Alexandria,,31.2156,29.9553
8/25/2023 23:25,Sharm El Sheikh,Car Crash,27.9158,34.3299
,Alexandria,Car Crash,31.2156,29.9553
1/28/2023 3:53,Luxor,Motorcycle Accident,25.6872,32.6396
4/15/2023 4:50,Sharm El Sheikh,Pedestrian Incident,27.9158,34.3299
9/7/2023 17:11,Aswan,Car Crash,24.0889,32.8997
,Alexandria,Pedestrian Incident,,
1/18/2023 15:18,Aswan,Motorcycle Accident,,
7/1/2023 2:41,Giza,Bus Accident,,
6/18/2023 12:54,Sharm El Sheikh,Bus Accident,,
3/24/2023 20:30,Sharm El Sheikh,Cycling Incident,27.9158,34.3299
1/1/2023 7:49,Alexandria,Bus Accident,31.2156,29.9553
11/28/2023 3:13,Sharm El Sheikh,Unknown Accident Type,27.9158,34.3299
9/3/2023 11:08,Giza,Motorcycle Accident,30.0131,31.2089
,Aswan,Pedestrian Incident,24.0889,32.8997
6/10/2023 0:36,Sharm El Sheikh,Bus Accident,27.9158,34.3299
9/9/2023 0:11,Alexandria,Pedestrian Incident,31.2156,29.9553
4/14/2023 2:20,Cairo,,30.0444,31.2357
5/30/2023 20:20,Luxor,Pedestrian Incident,25.6872,32.6396
4/8/2023 11:35,Alexandria,Motorcycle Accident,31.2156,29.9553
5/6/2023 2:41,Luxor,Pedestrian Incident,25.6872,32.6396
11/1/2023 7:25,Cairo,Bus Accident,30.0444,31.2357
,Alexandria,Car Crash,31.2156,29.9553
10/10/2023 15:44,Giza,Cycling Incident,30.0131,31.2089
,Sharm El Sheikh,Car Crash,27.9158,34.3299
7/3/2023 21:05,Sharm El Sheikh,Motorcycle Accident,,
,Aswan,Car Crash,24.0889,32.8997
9/11/2023 12:58,Giza,Pedestrian Incident,30.0131,31.2089
,Cairo,Cycling Incident,30.0444,31.2357
8/17/2023 20:00,Aswan,Cycling Incident,24.0889,32.8997
,Sharm El Sheikh,Cycling Incident,,
,Luxor,Cycling Incident,25.6872,32.6396
3/26/2023 20:32,Giza,Bus Accident,30.0131,31.2089
8/21/2023 15:18,Cairo,Car Crash,,
2/8/2023 22:49,Giza,,30.0131,31.2089
10/7/2023 11:27,Aswan,Car Crash,24.0889,32.8997
8/5/2023 17:33,Aswan,Motorcycle Accident,24.0889,32.8997
4/20/2023 22:36,Giza,Car Crash,30.0131,31.2089
,Aswan,Car Crash,24.0889,32.8997
9/17/2023 13:51,Luxor,,25.6872,32.6396
,Cairo,Car Crash,30.0444,31.2357
7/18/2023 11:30,Luxor,Motorcycle Accident,25.6872,32.6396
6/6/2023 19:33,Alexandria,Car Crash,31.2156,29.9553
12/19/2023 2:05,Luxor,,25.6872,32.6396
1/21/2023 0:04,Giza,,30.0131,31.2089
8/14/2023 4:24,Alexandria,Bus Accident,31.2156,29.9553
7/5/2023 21:01,Cairo,Pedestrian Incident,30.0444,31.2357
,Cairo,Pedestrian Incident,30.0444,31.2357
6/24/2023 23:59,Luxor,Cycling Incident,25.6872,32.6396
12/10/2023 6:19,Aswan,Motorcycle Accident,24.0889,32.8997
6/20/2023 0:31,Sharm El Sheikh,Cycling Incident,27.9158,34.3299
,Giza,Pedestrian Incident,30.0131,31.2089
6/9/2023 3:21,Alexandria,Cycling Incident,31.2156,29.9553
1/5/2023 14:11,Alexandria,Cycling Incident,31.2156,29.9553
,Cairo,Car Crash,30.0444,31.2357
8/18/2023 4:15,Giza,Motorcycle Accident,30.0131,31.2089
,Aswan,Pedestrian Incident,24.0889,32.8997
10/30/2023 2:59,Luxor,Pedestrian Incident,25.6872,32.6396
2/7/2023 15:38,Giza,Cycling Incident,30.0131,31.2089
5/28/2023 4:15,Alexandria,Motorcycle Accident,31.2156,29.9553
2/12/2023 16:18,Luxor,,25.6872,32.6396
4/3/2023 12:57,Giza,Motorcycle Accident,30.0131,31.2089
1/28/2023 21:12,Giza,Bus Accident,30.0131,31.2089
11/28/2023 12:02,Sharm El Sheikh,Bus Accident,27.9158,34.3299
1/7/2023 0:14,Sharm El Sheikh,Car Crash,,
11/26/2023 13:20,Aswan,Bus Accident,24.0889,32.8997
8/14/2023 9:49,Aswan,Cycling Incident,24.0889,32.8997
12/3/2023 18:59,Giza,Bus Accident,30.0131,31.2089
2/13/2023 16:57,Sharm El Sheikh,Pedestrian Incident,27.9158,34.3299
11/9/2023 17:55,Alexandria,Cycling Incident,,
,Giza,Cycling Incident,30.0131,31.2089
11/26/2023 10:31,Sharm El Sheikh,,,
9/13/2023 19:22,Sharm El Sheikh,Cycling Incident,,
10/19/2023 8:49,Alexandria,Bus Accident,31.2156,29.9553
5/16/2023 3:28,Giza,Cycling Incident,30.0131,31.2089
3/7/2023 11:39,Cairo,Unknown Accident Type,30.0444,31.2357
1/8/2023 17:31,Luxor,Unknown Accident Type,25.6872,32.6396
9/17/2023 19:34,Aswan,Bus Accident,24.0889,32.8997
,Aswan,,24.0889,32.8997
4/23/2023 6:45,Cairo,Cycling Incident,30.0444,31.2357
6/18/2023 19:25,Cairo,Car Crash,30.0444,31.2357
6/25/2023 13:13,Cairo,Cycling Incident,30.0444,31.2357
5/7/2023 6:12,Aswan,Pedestrian Incident,,
,Luxor,,25.6872,32.6396
8/21/2023 23:32,Cairo,Cycling Incident,30.0444,31.2357
7/11/2023 0:44,Aswan,Car Crash,24.0889,32.8997
11/27/2023 13:10,Aswan,,24.0889,32.8997
12/26/2023 20:12,Aswan,Motorcycle Accident,24.0889,32.8997
,Sharm El Sheikh,Bus Accident,27.9158,34.3299
,Luxor,Bus Accident,25.6872,32.6396
2/10/2023 8:30,Giza,Car Crash,30.0131,31.2089
10/22/2023 2:14,Giza,Car Crash,30.0131,31.2089
,Aswan,Pedestrian Incident,24.0889,32.8997
9/23/2023 15:25,Alexandria,Cycling Incident,31.2156,29.9553
,Cairo,Motorcycle Accident,30.0444,31.2357
4/28/2023 6:55,Giza,Pedestrian Incident,30.0131,31.2089
5/1/2023 23:59,Giza,Motorcycle Accident,30.0131,31.2089
2/26/2023 20:26,Giza,Car Crash,30.0131,31.2089
5/5/2023 20:08,Sharm El Sheikh,Bus Accident,27.9158,34.3299
5/5/2023 9:51,Sharm El Sheikh,,27.9158,34.3299
4/17/2023 7:27,Cairo,,30.0444,31.2357
4/24/2023 6:56,Sharm El Sheikh,Cycling Incident,,
7/2/2023 9:45,Sharm El Sheikh,,27.9158,34.3299
6/19/2023 16:36,Aswan,Motorcycle Accident,,
7/30/2023 16:42,Luxor,Motorcycle Accident,25.6872,32.6396
,Luxor,Cycling Incident,25.6872,32.6396
3/20/2023 12:07,Cairo,Car Crash,30.0444,31.2357
,Cairo,Pedestrian Incident,,
6/8/2023 23:06,Alexandria,Pedestrian Incident,31.2156,29.9553
1/3/2023 15:29,Cairo,Pedestrian Incident,30.0444,31.2357
3/30/2023 0:33,Cairo,Pedestrian Incident,30.0444,31.2357
6/19/2023 9:13,Alexandria,,31.2156,29.9553
,Sharm El Sheikh,Car Crash,27.9158,34.3299
1/31/2023 18:56,Giza,Cycling Incident,30.0131,31.2089
2/21/2023 0:07,Aswan,,,
10/3/2023 15:12,Cairo,Cycling Incident,30.0444,31.2357
